article_id,title,url,qid,topic,title_en,categories,n_sentences
4202,اقتصاد (علم),https://ar.wikipedia.org/wiki?curid=4202,,,,,3
4203,تعليم,https://ar.wikipedia.org/wiki?curid=4203,,,,,121
4204,عادة (علم الاجتماع),https://ar.wikipedia.org/wiki?curid=4204,,,,,14
4205,ثقافة,https://ar.wikipedia.org/wiki?curid=4205,,,,,5
4206,الحملة الصليبية الرابعة,https://ar.wikipedia.org/wiki?curid=4206,,,,,1
4210,شعراء المهجر,https://ar.wikipedia.org/wiki?curid=4210,,,,,6
4211,جبران خليل جبران,https://ar.wikipedia.org/wiki?curid=4211,,,,,8
4212,قائمة الأحزاب السياسية في إسرائيل,https://ar.wikipedia.org/wiki?curid=4212,,,,,2
4214,قانون,https://ar.wikipedia.org/wiki?curid=4214,,,,,9
4215,أمن,https://ar.wikipedia.org/wiki?curid=4215,,,,,7
5905,محمود عباس,https://ar.wikipedia.org/wiki?curid=5905,,,,,2
5906,26 مارس,https://ar.wikipedia.org/wiki?curid=5906,,,,,2
5910,مروان البرغوثي,https://ar.wikipedia.org/wiki?curid=5910,,,,,13
5914,مقتل محمد الدرة,https://ar.wikipedia.org/wiki?curid=5914,,,,,35
5916,لاله ولادن بيجني,https://ar.wikipedia.org/wiki?curid=5916,,,,,10
5922,بيرزيت,https://ar.wikipedia.org/wiki?curid=5922,,,,,18
5925,جامعة بيرزيت,https://ar.wikipedia.org/wiki?curid=5925,,,,,23
5926,غساسنة,https://ar.wikipedia.org/wiki?curid=5926,,,,,1
5927,مناذرة,https://ar.wikipedia.org/wiki?curid=5927,,,,,2
5931,قرص صلب,https://ar.wikipedia.org/wiki?curid=5931,,,,,9
5932,كربون,https://ar.wikipedia.org/wiki?curid=5932,,,,,29
5933,خليج سرت,https://ar.wikipedia.org/wiki?curid=5933,,,,,10
5935,مرض معد,https://ar.wikipedia.org/wiki?curid=5935,,,,,19
5940,موروني,https://ar.wikipedia.org/wiki?curid=5940,,,,,6
6052,أري (شركة),https://ar.wikipedia.org/wiki?curid=6052,,,,,8
6060,تيودور هرتزل,https://ar.wikipedia.org/wiki?curid=6060,,,,,2
4679,العهد الجديد,https://ar.wikipedia.org/wiki?curid=4679,,,,,2
4680,الحجاز,https://ar.wikipedia.org/wiki?curid=4680,,,,,58
4683,مهندس,https://ar.wikipedia.org/wiki?curid=4683,,,,,4
4684,فيزياء فلكية,https://ar.wikipedia.org/wiki?curid=4684,,,,,11
4689,31 أكتوبر,https://ar.wikipedia.org/wiki?curid=4689,,,,,2
4716,عيشي بلادي,https://ar.wikipedia.org/wiki?curid=4716,,,,,3
4719,يهودية أرثوذكسية,https://ar.wikipedia.org/wiki?curid=4719,,,,,15
4721,1 نوفمبر,https://ar.wikipedia.org/wiki?curid=4721,,,,,2
4723,ويكا,https://ar.wikipedia.org/wiki?curid=4723,,,,,44
4727,لغة عونغوتا,https://ar.wikipedia.org/wiki?curid=4727,,,,,4
4728,اللغة المصرية,https://ar.wikipedia.org/wiki?curid=4728,,,,,2
4744,سهم,https://ar.wikipedia.org/wiki?curid=4744,,,,,3
4751,لغات أوموتية,https://ar.wikipedia.org/wiki?curid=4751,,,,,4
4803,لغات نيجرية كنغوية,https://ar.wikipedia.org/wiki?curid=4803,,,,,7
4815,ميدوسا,https://ar.wikipedia.org/wiki?curid=4815,,,,,5
4816,3 نوفمبر,https://ar.wikipedia.org/wiki?curid=4816,,,,,2
4818,اللغة السوننكية,https://ar.wikipedia.org/wiki?curid=4818,,,,,5
4822,ألفبائية صوتية دولية,https://ar.wikipedia.org/wiki?curid=4822,,,,,5
4835,العصر النحاسي,https://ar.wikipedia.org/wiki?curid=4835,,,,,16
4842,5 نوفمبر,https://ar.wikipedia.org/wiki?curid=4842,,,,,2
4846,ديمقراطية المؤتمرات الشعبية,https://ar.wikipedia.org/wiki?curid=4846,,,,,14
4856,لغات تشادية,https://ar.wikipedia.org/wiki?curid=4856,,,,,1
4858,لغات كوشية,https://ar.wikipedia.org/wiki?curid=4858,,,,,4
4860,لغات نيلية صحراوية,https://ar.wikipedia.org/wiki?curid=4860,,,,,6
4865,اللغة السواحلية,https://ar.wikipedia.org/wiki?curid=4865,,,,,12
4902,شعب البجا,https://ar.wikipedia.org/wiki?curid=4902,,,,,3
4913,6 نوفمبر,https://ar.wikipedia.org/wiki?curid=4913,,,,,2
4915,نجم,https://ar.wikipedia.org/wiki?curid=4915,,,,,11
4918,ابن يونس المنجم,https://ar.wikipedia.org/wiki?curid=4918,,,,,9
4218,اتصال,https://ar.wikipedia.org/wiki?curid=4218,,,,,23
4219,بث (توضيح),https://ar.wikipedia.org/wiki?curid=4219,,,,,1
4221,عمارة,https://ar.wikipedia.org/wiki?curid=4221,,,,,14
4223,ميخائيل نعيمة,https://ar.wikipedia.org/wiki?curid=4223,,,,,16
4225,مغايرة جنسية,https://ar.wikipedia.org/wiki?curid=4225,,,,,9
4226,2 أكتوبر,https://ar.wikipedia.org/wiki?curid=4226,,,,,2
4228,جيمي كارتر,https://ar.wikipedia.org/wiki?curid=4228,,,,,1
4229,إبراهيم ناجي,https://ar.wikipedia.org/wiki?curid=4229,,,,,1
4230,كيمياء عضوية,https://ar.wikipedia.org/wiki?curid=4230,,,,,44
4238,محمد بن عبد الوهاب,https://ar.wikipedia.org/wiki?curid=4238,,,,,10
4251,19 نوفمبر,https://ar.wikipedia.org/wiki?curid=4251,,,,,2
4252,18 نوفمبر,https://ar.wikipedia.org/wiki?curid=4252,,,,,2
4254,محمد رضا بهلوي,https://ar.wikipedia.org/wiki?curid=4254,,,,,22
4259,شرطة,https://ar.wikipedia.org/wiki?curid=4259,,,,,84
4266,حزب الشعب الفلسطيني,https://ar.wikipedia.org/wiki?curid=4266,,,,,4
4272,يوسف القرضاوي,https://ar.wikipedia.org/wiki?curid=4272,,,,,8
4273,أحمد أسعد الشقيري,https://ar.wikipedia.org/wiki?curid=4273,,,,,7
4278,25 فبراير,https://ar.wikipedia.org/wiki?curid=4278,,,,,2
4283,الحملة الصليبية السادسة,https://ar.wikipedia.org/wiki?curid=4283,,,,,4
6122,زهري (مرض),https://ar.wikipedia.org/wiki?curid=6122,,,,,2
6123,تسلسل أحداث حرب 1948,https://ar.wikipedia.org/wiki?curid=6123,,,,,1
6124,خطة دالت,https://ar.wikipedia.org/wiki?curid=6124,,,,,2
6139,مقاطعة هاريو,https://ar.wikipedia.org/wiki?curid=6139,,,,,1
6156,نيكولو مكيافيلي,https://ar.wikipedia.org/wiki?curid=6156,,,,,46
6162,شريعة حمورابي,https://ar.wikipedia.org/wiki?curid=6162,,,,,13
6164,أوراق تجارية,https://ar.wikipedia.org/wiki?curid=6164,,,,,18
6170,اللغة الويلزية,https://ar.wikipedia.org/wiki?curid=6170,,,,,13
6173,محافظة الأحساء,https://ar.wikipedia.org/wiki?curid=6173,,,,,7
6266,جون باغوت غلوب,https://ar.wikipedia.org/wiki?curid=6266,,,,,5
6267,اللغة الصينية,https://ar.wikipedia.org/wiki?curid=6267,,,,,14
6270,أكسجين,https://ar.wikipedia.org/wiki?curid=6270,,,,,4
6272,زلزال وتسونامي المحيط الهندي 2004,https://ar.wikipedia.org/wiki?curid=6272,,,,,2
6276,معركة أجنادين,https://ar.wikipedia.org/wiki?curid=6276,,,,,9
6277,ابن قزمان,https://ar.wikipedia.org/wiki?curid=6277,,,,,15
2652,غوريون,https://ar.wikipedia.org/wiki?curid=2652,,,,,8
2656,كاتاكانا,https://ar.wikipedia.org/wiki?curid=2656,,,,,3
2658,نظام كتابة,https://ar.wikipedia.org/wiki?curid=2658,,,,,2
2659,هندوراس,https://ar.wikipedia.org/wiki?curid=2659,,,,,30
2665,هرم,https://ar.wikipedia.org/wiki?curid=2665,,,,,16
2667,كانتون (أوهايو),https://ar.wikipedia.org/wiki?curid=2667,,,,,24
2669,يوم,https://ar.wikipedia.org/wiki?curid=2669,,,,,3
2670,لثوي غاري,https://ar.wikipedia.org/wiki?curid=2670,,,,,2
2673,آدم,https://ar.wikipedia.org/wiki?curid=2673,,,,,11
2674,مدمرة يو إس إس كول,https://ar.wikipedia.org/wiki?curid=2674,,,,,9
2679,سنة كبيسة,https://ar.wikipedia.org/wiki?curid=2679,,,,,4
2680,12 أكتوبر,https://ar.wikipedia.org/wiki?curid=2680,,,,,2
2682,6 ديسمبر,https://ar.wikipedia.org/wiki?curid=2682,,,,,2
2683,عبد الحميد كشك,https://ar.wikipedia.org/wiki?curid=2683,,,,,10
2684,29 أغسطس,https://ar.wikipedia.org/wiki?curid=2684,,,,,2
2687,عود تخليل أسنان,https://ar.wikipedia.org/wiki?curid=2687,,,,,8
2689,سواك,https://ar.wikipedia.org/wiki?curid=2689,,,,,18
2690,أنف,https://ar.wikipedia.org/wiki?curid=2690,,,,,44
2718,طائرة,https://ar.wikipedia.org/wiki?curid=2718,,,,,6
2724,وسيلة نقل,https://ar.wikipedia.org/wiki?curid=2724,,,,,21
2725,سيارة,https://ar.wikipedia.org/wiki?curid=2725,,,,,62
2727,خيار,https://ar.wikipedia.org/wiki?curid=2727,,,,,29
2728,ألفبائية,https://ar.wikipedia.org/wiki?curid=2728,,,,,5
2729,نظام كتابة مقطعية,https://ar.wikipedia.org/wiki?curid=2729,,,,,1
2731,كوكب,https://ar.wikipedia.org/wiki?curid=2731,,,,,13
2739,طب,https://ar.wikipedia.org/wiki?curid=2739,,,,,23
2741,بطن,https://ar.wikipedia.org/wiki?curid=2741,,,,,3
2742,ظهر,https://ar.wikipedia.org/wiki?curid=2742,,,,,20
2835,الدولة الأموية في الأندلس,https://ar.wikipedia.org/wiki?curid=2835,,,,,16
2837,الاثنين,https://ar.wikipedia.org/wiki?curid=2837,,,,,9
2838,اللاذقية,https://ar.wikipedia.org/wiki?curid=2838,,,,,91
2852,بنو عصام,https://ar.wikipedia.org/wiki?curid=2852,,,,,11
2858,20 أكتوبر,https://ar.wikipedia.org/wiki?curid=2858,,,,,2
2868,شيعة اثنا عشرية,https://ar.wikipedia.org/wiki?curid=2868,,,,,26
2874,11 فبراير,https://ar.wikipedia.org/wiki?curid=2874,,,,,2
2875,12 فبراير,https://ar.wikipedia.org/wiki?curid=2875,,,,,2
2876,13 فبراير,https://ar.wikipedia.org/wiki?curid=2876,,,,,2
2878,أنصار الإسلام في كردستان,https://ar.wikipedia.org/wiki?curid=2878,,,,,73
2879,27 مارس,https://ar.wikipedia.org/wiki?curid=2879,,,,,2
2880,28 أكتوبر,https://ar.wikipedia.org/wiki?curid=2880,,,,,2
2885,25 سبتمبر,https://ar.wikipedia.org/wiki?curid=2885,,,,,2
2886,21 أكتوبر,https://ar.wikipedia.org/wiki?curid=2886,,,,,2
2887,27 فبراير,https://ar.wikipedia.org/wiki?curid=2887,,,,,2
2889,مبدأ باريتو,https://ar.wikipedia.org/wiki?curid=2889,,,,,4
2890,سونيا غاندي,https://ar.wikipedia.org/wiki?curid=2890,,,,,48
2891,9 ديسمبر,https://ar.wikipedia.org/wiki?curid=2891,,,,,2
2893,8 أكتوبر,https://ar.wikipedia.org/wiki?curid=2893,,,,,2
2894,مثلث,https://ar.wikipedia.org/wiki?curid=2894,,,,,37
2904,14 مارس,https://ar.wikipedia.org/wiki?curid=2904,,,,,2
2905,31 مارس,https://ar.wikipedia.org/wiki?curid=2905,,,,,2
2906,21 نوفمبر,https://ar.wikipedia.org/wiki?curid=2906,,,,,2
2907,21 مارس,https://ar.wikipedia.org/wiki?curid=2907,,,,,2
2910,1 سبتمبر,https://ar.wikipedia.org/wiki?curid=2910,,,,,2
2911,9 نوفمبر,https://ar.wikipedia.org/wiki?curid=2911,,,,,2
2912,25 مارس,https://ar.wikipedia.org/wiki?curid=2912,,,,,2
1493,مايكروسوفت,https://ar.wikipedia.org/wiki?curid=1493,,,,,10
1501,مجتمع إنترنت,https://ar.wikipedia.org/wiki?curid=1501,,,,,29
1506,عباس بن فرناس,https://ar.wikipedia.org/wiki?curid=1506,,,,,24
1507,الفارابي,https://ar.wikipedia.org/wiki?curid=1507,,,,,9
1514,عرب,https://ar.wikipedia.org/wiki?curid=1514,,,,,61
1518,بايت,https://ar.wikipedia.org/wiki?curid=1518,,,,,9
1520,إعلان,https://ar.wikipedia.org/wiki?curid=1520,,,,,18
1612,البوذية,https://ar.wikipedia.org/wiki?curid=1612,,,,,18
1613,الكويت,https://ar.wikipedia.org/wiki?curid=1613,,,,,4
1615,معلومة,https://ar.wikipedia.org/wiki?curid=1615,,,,,5
1616,الشارقة,https://ar.wikipedia.org/wiki?curid=1616,,,,,26
1619,القمر,https://ar.wikipedia.org/wiki?curid=1619,,,,,10
1620,الفجيرة,https://ar.wikipedia.org/wiki?curid=1620,,,,,16
1621,عملية تطوير البرمجيات,https://ar.wikipedia.org/wiki?curid=1621,,,,,24
1626,تيزي وزو,https://ar.wikipedia.org/wiki?curid=1626,,,,,20
1644,ولايات الجزائر,https://ar.wikipedia.org/wiki?curid=1644,,,,,24
1645,أحزاب الجزائر,https://ar.wikipedia.org/wiki?curid=1645,,,,,1
1646,تلمسان,https://ar.wikipedia.org/wiki?curid=1646,,,,,18
1652,تاريخ الولايات المتحدة,https://ar.wikipedia.org/wiki?curid=1652,,,,,61
2207,بونساي,https://ar.wikipedia.org/wiki?curid=2207,,,,,4
2209,كامي,https://ar.wikipedia.org/wiki?curid=2209,,,,,3
2210,فنون قتالية,https://ar.wikipedia.org/wiki?curid=2210,,,,,5
2211,سومو,https://ar.wikipedia.org/wiki?curid=2211,,,,,1
2215,محرك بحث,https://ar.wikipedia.org/wiki?curid=2215,,,,,20
2217,أمازيغ,https://ar.wikipedia.org/wiki?curid=2217,,,,,1
2224,أيوبيو حماة,https://ar.wikipedia.org/wiki?curid=2224,,,,,1
2226,أيوبيو حلب,https://ar.wikipedia.org/wiki?curid=2226,,,,,1
2227,أيوبيو حمص,https://ar.wikipedia.org/wiki?curid=2227,,,,,1
2228,أيوبيو دمشق,https://ar.wikipedia.org/wiki?curid=2228,,,,,1
2229,أيوبيو ديار بكر,https://ar.wikipedia.org/wiki?curid=2229,,,,,1
1835,قرار تقسيم فلسطين,https://ar.wikipedia.org/wiki?curid=1835,,,,,12
1840,خالد مشعل,https://ar.wikipedia.org/wiki?curid=1840,,,,,13
1846,صحة,https://ar.wikipedia.org/wiki?curid=1846,,,,,23
1854,جيولوجيا,https://ar.wikipedia.org/wiki?curid=1854,,,,,17
1855,الحرب العالمية الثانية,https://ar.wikipedia.org/wiki?curid=1855,,,,,4
1862,وهران,https://ar.wikipedia.org/wiki?curid=1862,,,,,19
1863,قسنطينة,https://ar.wikipedia.org/wiki?curid=1863,,,,,35
1864,المدية,https://ar.wikipedia.org/wiki?curid=1864,,,,,32
1866,تاريخ,https://ar.wikipedia.org/wiki?curid=1866,,,,,20
2043,ليفي أشكول,https://ar.wikipedia.org/wiki?curid=2043,,,,,3
2045,إسحاق رابين,https://ar.wikipedia.org/wiki?curid=2045,,,,,1
2055,أبجدية سريانية,https://ar.wikipedia.org/wiki?curid=2055,,,,,6
2098,الحسن البصري,https://ar.wikipedia.org/wiki?curid=2098,,,,,12
2100,مذبحة دير ياسين,https://ar.wikipedia.org/wiki?curid=2100,,,,,26
2103,فرنسا,https://ar.wikipedia.org/wiki?curid=2103,,,,,3
2109,الاتحاد الأوروبي,https://ar.wikipedia.org/wiki?curid=2109,,,,,5
2110,مقتدى الصدر,https://ar.wikipedia.org/wiki?curid=2110,,,,,8
2122,إسحاق شامير,https://ar.wikipedia.org/wiki?curid=2122,,,,,5
2124,شمعون بيريز,https://ar.wikipedia.org/wiki?curid=2124,,,,,23
1722,المجموعة الشمسية,https://ar.wikipedia.org/wiki?curid=1722,,,,,13
1727,سدنا (كوكب قزم),https://ar.wikipedia.org/wiki?curid=1727,,,,,1
1733,تيقزيرت,https://ar.wikipedia.org/wiki?curid=1733,,,,,6
1739,نصوص مقدسة,https://ar.wikipedia.org/wiki?curid=1739,,,,,9
1751,موريتانيا,https://ar.wikipedia.org/wiki?curid=1751,,,,,4
1754,نشيد موريتانيا الوطني,https://ar.wikipedia.org/wiki?curid=1754,,,,,4
1771,جنكيز خان,https://ar.wikipedia.org/wiki?curid=1771,,,,,1
1773,موساد,https://ar.wikipedia.org/wiki?curid=1773,,,,,17
1774,مملكة الأنباط,https://ar.wikipedia.org/wiki?curid=1774,,,,,3
1776,حركة حماس,https://ar.wikipedia.org/wiki?curid=1776,,,,,71
2797,هولندا,https://ar.wikipedia.org/wiki?curid=2797,,,,,2
2799,فرشاة أسنان,https://ar.wikipedia.org/wiki?curid=2799,,,,,13
2803,29 فبراير,https://ar.wikipedia.org/wiki?curid=2803,,,,,3
2806,ريتشارد ستولمن,https://ar.wikipedia.org/wiki?curid=2806,,,,,6
2808,16 مارس,https://ar.wikipedia.org/wiki?curid=2808,,,,,2
2810,21 ديسمبر,https://ar.wikipedia.org/wiki?curid=2810,,,,,2
2811,5 مارس,https://ar.wikipedia.org/wiki?curid=2811,,,,,2
2812,16 أكتوبر,https://ar.wikipedia.org/wiki?curid=2812,,,,,2
2813,1 ديسمبر,https://ar.wikipedia.org/wiki?curid=2813,,,,,2
2814,5 أكتوبر,https://ar.wikipedia.org/wiki?curid=2814,,,,,2
2815,25 أكتوبر,https://ar.wikipedia.org/wiki?curid=2815,,,,,2
2816,26 فبراير,https://ar.wikipedia.org/wiki?curid=2816,,,,,2
2817,8 ديسمبر,https://ar.wikipedia.org/wiki?curid=2817,,,,,2
2818,1 مارس,https://ar.wikipedia.org/wiki?curid=2818,,,,,2
2819,9 مارس,https://ar.wikipedia.org/wiki?curid=2819,,,,,2
2820,16 أغسطس,https://ar.wikipedia.org/wiki?curid=2820,,,,,2
2821,15 أكتوبر,https://ar.wikipedia.org/wiki?curid=2821,,,,,2
2822,21 أغسطس,https://ar.wikipedia.org/wiki?curid=2822,,,,,2
2826,جمال عبد الناصر,https://ar.wikipedia.org/wiki?curid=2826,,,,,3
2828,28 سبتمبر,https://ar.wikipedia.org/wiki?curid=2828,,,,,2
6070,سريلانكا,https://ar.wikipedia.org/wiki?curid=6070,,,,,3
6075,المحيط الهندي,https://ar.wikipedia.org/wiki?curid=6075,,,,,11
6076,مايكل دينس روهان,https://ar.wikipedia.org/wiki?curid=6076,,,,,17
6077,عيسى (اسم),https://ar.wikipedia.org/wiki?curid=6077,,,,,4
6087,الله أكبر (نشيد),https://ar.wikipedia.org/wiki?curid=6087,,,,,14
6088,سبها,https://ar.wikipedia.org/wiki?curid=6088,,,,,11
6090,مقلوبة,https://ar.wikipedia.org/wiki?curid=6090,,,,,1
6091,فيزياء تقليدية,https://ar.wikipedia.org/wiki?curid=6091,,,,,8
6093,فلافل,https://ar.wikipedia.org/wiki?curid=6093,,,,,8
6094,تبسة,https://ar.wikipedia.org/wiki?curid=6094,,,,,17
6096,التغريبة الفلسطينية (مسلسل),https://ar.wikipedia.org/wiki?curid=6096,,,,,10
6097,جافا سكريبت,https://ar.wikipedia.org/wiki?curid=6097,,,,,6
6098,في بي سكريبت,https://ar.wikipedia.org/wiki?curid=6098,,,,,6
6100,29 ديسمبر,https://ar.wikipedia.org/wiki?curid=6100,,,,,2
6107,جرمان,https://ar.wikipedia.org/wiki?curid=6107,,,,,12
6108,جي كي رولينغ,https://ar.wikipedia.org/wiki?curid=6108,,,,,2
6113,تسونامي,https://ar.wikipedia.org/wiki?curid=6113,,,,,4
6116,حرب 1948,https://ar.wikipedia.org/wiki?curid=6116,,,,,39
6120,31 ديسمبر,https://ar.wikipedia.org/wiki?curid=6120,,,,,2
6121,30 ديسمبر,https://ar.wikipedia.org/wiki?curid=6121,,,,,2
2743,موناليزا,https://ar.wikipedia.org/wiki?curid=2743,,,,,6
2744,انتفاضة,https://ar.wikipedia.org/wiki?curid=2744,,,,,5
2747,28 ديسمبر,https://ar.wikipedia.org/wiki?curid=2747,,,,,2
2748,إيدز,https://ar.wikipedia.org/wiki?curid=2748,,,,,4
2752,30 يوليو,https://ar.wikipedia.org/wiki?curid=2752,,,,,2
2753,1 يوليو,https://ar.wikipedia.org/wiki?curid=2753,,,,,2
2754,27 أغسطس,https://ar.wikipedia.org/wiki?curid=2754,,,,,2
2755,4 نوفمبر,https://ar.wikipedia.org/wiki?curid=2755,,,,,2
2758,أيمن الظواهري,https://ar.wikipedia.org/wiki?curid=2758,,,,,25
2760,نوفمبر,https://ar.wikipedia.org/wiki?curid=2760,,,,,3
2763,أكتوبر,https://ar.wikipedia.org/wiki?curid=2763,,,,,3
2765,سبتمبر,https://ar.wikipedia.org/wiki?curid=2765,,,,,3
2767,ديسمبر,https://ar.wikipedia.org/wiki?curid=2767,,,,,4
2769,سليمان بوغيث,https://ar.wikipedia.org/wiki?curid=2769,,,,,11
2771,محمد أنور السادات,https://ar.wikipedia.org/wiki?curid=2771,,,,,10
2773,6 أكتوبر,https://ar.wikipedia.org/wiki?curid=2773,,,,,2
2775,25 ديسمبر,https://ar.wikipedia.org/wiki?curid=2775,,,,,2
2779,2 يوليو,https://ar.wikipedia.org/wiki?curid=2779,,,,,2
2780,3 يوليو,https://ar.wikipedia.org/wiki?curid=2780,,,,,2
2781,4 يوليو,https://ar.wikipedia.org/wiki?curid=2781,,,,,2
2782,5 يوليو,https://ar.wikipedia.org/wiki?curid=2782,,,,,2
2783,6 يوليو,https://ar.wikipedia.org/wiki?curid=2783,,,,,2
2784,7 يوليو,https://ar.wikipedia.org/wiki?curid=2784,,,,,2
2787,8 يوليو,https://ar.wikipedia.org/wiki?curid=2787,,,,,2
2788,14 أكتوبر,https://ar.wikipedia.org/wiki?curid=2788,,,,,2
2790,6 سبتمبر,https://ar.wikipedia.org/wiki?curid=2790,,,,,2
2791,22 مارس,https://ar.wikipedia.org/wiki?curid=2791,,,,,2
2793,الأرض,https://ar.wikipedia.org/wiki?curid=2793,,,,,25
2794,2 نوفمبر,https://ar.wikipedia.org/wiki?curid=2794,,,,,2
2796,معجون أسنان,https://ar.wikipedia.org/wiki?curid=2796,,,,,10
4287,القاهرة,https://ar.wikipedia.org/wiki?curid=4287,,,,,8
4289,استقلال,https://ar.wikipedia.org/wiki?curid=4289,,,,,6
4290,واشنطن (ولاية),https://ar.wikipedia.org/wiki?curid=4290,,,,,14
4291,ثورة,https://ar.wikipedia.org/wiki?curid=4291,,,,,7
4293,برمجيات,https://ar.wikipedia.org/wiki?curid=4293,,,,,27
4294,بروتوكول (توضيح),https://ar.wikipedia.org/wiki?curid=4294,,,,,1
4295,حزمة بروتوكولات الإنترنت,https://ar.wikipedia.org/wiki?curid=4295,,,,,8
4297,برمجيات مجانية,https://ar.wikipedia.org/wiki?curid=4297,,,,,6
4298,برامج تجريبية,https://ar.wikipedia.org/wiki?curid=4298,,,,,1
4302,فيدل كاسترو,https://ar.wikipedia.org/wiki?curid=4302,,,,,18
4303,زمكان,https://ar.wikipedia.org/wiki?curid=4303,,,,,4
4314,كنيسة,https://ar.wikipedia.org/wiki?curid=4314,,,,,13
4319,المسيرة الخضراء,https://ar.wikipedia.org/wiki?curid=4319,,,,,14
4322,لودفيج فان بيتهوفن,https://ar.wikipedia.org/wiki?curid=4322,,,,,27
4919,الزرقاء (مدينة),https://ar.wikipedia.org/wiki?curid=4919,,,,,21
4923,منطقة البروج,https://ar.wikipedia.org/wiki?curid=4923,,,,,4
4925,ضوء النهار,https://ar.wikipedia.org/wiki?curid=4925,,,,,3
4936,شروق,https://ar.wikipedia.org/wiki?curid=4936,,,,,8
4937,غروب,https://ar.wikipedia.org/wiki?curid=4937,,,,,4
4938,جرم فلكي,https://ar.wikipedia.org/wiki?curid=4938,,,,,8
4939,نجم ثابت,https://ar.wikipedia.org/wiki?curid=4939,,,,,1
4940,اتجاه سماوي,https://ar.wikipedia.org/wiki?curid=4940,,,,,5
4942,كوكب سيار,https://ar.wikipedia.org/wiki?curid=4942,,,,,8
4945,7 نوفمبر,https://ar.wikipedia.org/wiki?curid=4945,,,,,2
4971,10 ديسمبر,https://ar.wikipedia.org/wiki?curid=4971,,,,,2
4974,نجد,https://ar.wikipedia.org/wiki?curid=4974,,,,,18
4991,8 نوفمبر,https://ar.wikipedia.org/wiki?curid=4991,,,,,2
5007,أنزار,https://ar.wikipedia.org/wiki?curid=5007,,,,,13
5010,تانيت,https://ar.wikipedia.org/wiki?curid=5010,,,,,3
5022,نبط العراق,https://ar.wikipedia.org/wiki?curid=5022,,,,,5
5024,ليثيوم,https://ar.wikipedia.org/wiki?curid=5024,,,,,14
5042,أمازونات,https://ar.wikipedia.org/wiki?curid=5042,,,,,15
5043,سنور مغولي,https://ar.wikipedia.org/wiki?curid=5043,,,,,31
5044,فيل البحر,https://ar.wikipedia.org/wiki?curid=5044,,,,,30
5049,سلم موسيقي,https://ar.wikipedia.org/wiki?curid=5049,,,,,16
5050,لغات جزر ريوكيو,https://ar.wikipedia.org/wiki?curid=5050,,,,,6
5052,روحي فتوح,https://ar.wikipedia.org/wiki?curid=5052,,,,,3
5053,11 نوفمبر,https://ar.wikipedia.org/wiki?curid=5053,,,,,2
5059,خوارج,https://ar.wikipedia.org/wiki?curid=5059,,,,,30
5064,إيبت,https://ar.wikipedia.org/wiki?curid=5064,,,,,8
5065,أجدود,https://ar.wikipedia.org/wiki?curid=5065,,,,,2
5066,اللغة البنغالية,https://ar.wikipedia.org/wiki?curid=5066,,,,,6
5067,لغة لال,https://ar.wikipedia.org/wiki?curid=5067,,,,,1
5076,اللغة الإستونية,https://ar.wikipedia.org/wiki?curid=5076,,,,,8
5088,كنيسة الشيطان,https://ar.wikipedia.org/wiki?curid=5088,,,,,33
5091,سنة,https://ar.wikipedia.org/wiki?curid=5091,,,,,12
5583,باريس,https://ar.wikipedia.org/wiki?curid=5583,,,,,8
5586,أو جي إم,https://ar.wikipedia.org/wiki?curid=5586,,,,,2
5588,18 ديسمبر,https://ar.wikipedia.org/wiki?curid=5588,,,,,2
5594,16 ديسمبر,https://ar.wikipedia.org/wiki?curid=5594,,,,,2
5600,19 ديسمبر,https://ar.wikipedia.org/wiki?curid=5600,,,,,2
5611,دكار,https://ar.wikipedia.org/wiki?curid=5611,,,,,4
5635,الكتاب الأخضر,https://ar.wikipedia.org/wiki?curid=5635,,,,,3
5638,الحولة,https://ar.wikipedia.org/wiki?curid=5638,,,,,5
5639,تل دو,https://ar.wikipedia.org/wiki?curid=5639,,,,,4
5640,بشار الأسد,https://ar.wikipedia.org/wiki?curid=5640,,,,,60
5641,نظيرة زين الدين,https://ar.wikipedia.org/wiki?curid=5641,,,,,2
5644,الإسراء والمعراج,https://ar.wikipedia.org/wiki?curid=5644,,,,,8
5647,22 ديسمبر,https://ar.wikipedia.org/wiki?curid=5647,,,,,2
5648,20 ديسمبر,https://ar.wikipedia.org/wiki?curid=5648,,,,,2
5865,لوكربي,https://ar.wikipedia.org/wiki?curid=5865,,,,,14
5868,لغات أورالية,https://ar.wikipedia.org/wiki?curid=5868,,,,,5
5877,خالد الإسلامبولي,https://ar.wikipedia.org/wiki?curid=5877,,,,,7
5881,أبو بكر الرازي,https://ar.wikipedia.org/wiki?curid=5881,,,,,2
5882,كيمياء تحليلية,https://ar.wikipedia.org/wiki?curid=5882,,,,,4
5888,معركة القرضابية,https://ar.wikipedia.org/wiki?curid=5888,,,,,13
5889,إيفا براون,https://ar.wikipedia.org/wiki?curid=5889,,,,,1
5894,لغات رومانسية,https://ar.wikipedia.org/wiki?curid=5894,,,,,7
5897,27 ديسمبر,https://ar.wikipedia.org/wiki?curid=5897,,,,,2
5898,هواري بومدين,https://ar.wikipedia.org/wiki?curid=5898,,,,,10
5900,قائمة اللغات حسب عدد متحدثيها الأصليين,https://ar.wikipedia.org/wiki?curid=5900,,,,,5
4042,كاليفورنيا,https://ar.wikipedia.org/wiki?curid=4042,,,,,11
4043,17 سبتمبر,https://ar.wikipedia.org/wiki?curid=4043,,,,,2
4044,مقياس,https://ar.wikipedia.org/wiki?curid=4044,,,,,1
4048,15 سبتمبر,https://ar.wikipedia.org/wiki?curid=4048,,,,,2
4049,18 سبتمبر,https://ar.wikipedia.org/wiki?curid=4049,,,,,2
4051,معسكر اعتقال,https://ar.wikipedia.org/wiki?curid=4051,,,,,14
4063,19 سبتمبر,https://ar.wikipedia.org/wiki?curid=4063,,,,,2
4075,20 سبتمبر,https://ar.wikipedia.org/wiki?curid=4075,,,,,2
4080,مظاهرات ساحة تيانانمن,https://ar.wikipedia.org/wiki?curid=4080,,,,,28
4081,توجه جنسي,https://ar.wikipedia.org/wiki?curid=4081,,,,,1
4100,أوامر يونكس,https://ar.wikipedia.org/wiki?curid=4100,,,,,2
4105,24 سبتمبر,https://ar.wikipedia.org/wiki?curid=4105,,,,,2
4106,23 سبتمبر,https://ar.wikipedia.org/wiki?curid=4106,,,,,2
4107,22 سبتمبر,https://ar.wikipedia.org/wiki?curid=4107,,,,,2
4108,21 سبتمبر,https://ar.wikipedia.org/wiki?curid=4108,,,,,2
4113,كثافة نسبية,https://ar.wikipedia.org/wiki?curid=4113,,,,,3
4114,كثافة سكانية,https://ar.wikipedia.org/wiki?curid=4114,,,,,7
4116,الزهرة,https://ar.wikipedia.org/wiki?curid=4116,,,,,1
4120,عبد الكريم ميرغني محمد,https://ar.wikipedia.org/wiki?curid=4120,,,,,5
4121,الوهابية,https://ar.wikipedia.org/wiki?curid=4121,,,,,9
4131,أقباط,https://ar.wikipedia.org/wiki?curid=4131,,,,,7
4135,الحملة الصليبية الخامسة,https://ar.wikipedia.org/wiki?curid=4135,,,,,1
4163,حملة الأطفال الصليبية,https://ar.wikipedia.org/wiki?curid=4163,,,,,3
4166,27 سبتمبر,https://ar.wikipedia.org/wiki?curid=4166,,,,,2
4170,القاسم بن محمد,https://ar.wikipedia.org/wiki?curid=4170,,,,,2
4172,بي إتش بي,https://ar.wikipedia.org/wiki?curid=4172,,,,,11
4173,صن ميكروسيستمز,https://ar.wikipedia.org/wiki?curid=4173,,,,,1
4174,صفحات خادم نشطة,https://ar.wikipedia.org/wiki?curid=4174,,,,,2
4175,تجارة,https://ar.wikipedia.org/wiki?curid=4175,,,,,8
4176,نقل,https://ar.wikipedia.org/wiki?curid=4176,,,,,3
4177,مركبة,https://ar.wikipedia.org/wiki?curid=4177,,,,,15
4180,5 سبتمبر,https://ar.wikipedia.org/wiki?curid=4180,,,,,2
4181,26 سبتمبر,https://ar.wikipedia.org/wiki?curid=4181,,,,,2
4184,ملا عمر,https://ar.wikipedia.org/wiki?curid=4184,,,,,10
4186,الحملة الصليبية الثالثة,https://ar.wikipedia.org/wiki?curid=4186,,,,,8
4192,عبد الرحمن سوار الذهب,https://ar.wikipedia.org/wiki?curid=4192,,,,,12
4193,الحملة الصليبية السابعة,https://ar.wikipedia.org/wiki?curid=4193,,,,,4
4201,سياسة,https://ar.wikipedia.org/wiki?curid=4201,,,,,13
2014,الدولة الزنكية,https://ar.wikipedia.org/wiki?curid=2014,,,,,75
2015,الدولة السلجوقية,https://ar.wikipedia.org/wiki?curid=2015,,,,,2
2017,جولدا مائير,https://ar.wikipedia.org/wiki?curid=2017,,,,,10
2023,دافيد بن غوريون,https://ar.wikipedia.org/wiki?curid=2023,,,,,6
2029,عبد الله بن المقفع,https://ar.wikipedia.org/wiki?curid=2029,,,,,25
2032,موشيه شاريت,https://ar.wikipedia.org/wiki?curid=2032,,,,,7
2041,الأبجدية العبرية,https://ar.wikipedia.org/wiki?curid=2041,,,,,3
1779,أحمد ياسين,https://ar.wikipedia.org/wiki?curid=1779,,,,,152
1781,جابر بن حيان,https://ar.wikipedia.org/wiki?curid=1781,,,,,22
1791,لغة برمجة,https://ar.wikipedia.org/wiki?curid=1791,,,,,12
1795,علم الحاسوب,https://ar.wikipedia.org/wiki?curid=1795,,,,,42
1803,ابن الهيثم,https://ar.wikipedia.org/wiki?curid=1803,,,,,5
1810,زراعة,https://ar.wikipedia.org/wiki?curid=1810,,,,,129
1811,هاغاناه,https://ar.wikipedia.org/wiki?curid=1811,,,,,1
1814,الإخوان المسلمون,https://ar.wikipedia.org/wiki?curid=1814,,,,,19
1819,دستور الجزائر,https://ar.wikipedia.org/wiki?curid=1819,,,,,14
1822,إرجون (منظمة عسكرية),https://ar.wikipedia.org/wiki?curid=1822,,,,,5
1868,النمسا,https://ar.wikipedia.org/wiki?curid=1868,,,,,2
1871,تاريخ النمسا,https://ar.wikipedia.org/wiki?curid=1871,,,,,2
1872,نظام النمسا السياسي,https://ar.wikipedia.org/wiki?curid=1872,,,,,12
1874,محاكمات نورنبيرغ,https://ar.wikipedia.org/wiki?curid=1874,,,,,21
1886,بسكرة,https://ar.wikipedia.org/wiki?curid=1886,,,,,9
1887,بومرداس,https://ar.wikipedia.org/wiki?curid=1887,,,,,2
1888,بنغازي,https://ar.wikipedia.org/wiki?curid=1888,,,,,15
1889,الجلفة,https://ar.wikipedia.org/wiki?curid=1889,,,,,12
1893,ولاية غليزان,https://ar.wikipedia.org/wiki?curid=1893,,,,,17
1895,الشلف,https://ar.wikipedia.org/wiki?curid=1895,,,,,10
1897,أم البواقي,https://ar.wikipedia.org/wiki?curid=1897,,,,,1
1900,بشار (الجزائر),https://ar.wikipedia.org/wiki?curid=1900,,,,,29
1901,البليدة,https://ar.wikipedia.org/wiki?curid=1901,,,,,14
1902,البويرة,https://ar.wikipedia.org/wiki?curid=1902,,,,,3
1903,تمنراست,https://ar.wikipedia.org/wiki?curid=1903,,,,,3
1908,العربي التبسي,https://ar.wikipedia.org/wiki?curid=1908,,,,,18
1910,أحمد توفيق المدني,https://ar.wikipedia.org/wiki?curid=1910,,,,,29
1911,الطيب العقبي,https://ar.wikipedia.org/wiki?curid=1911,,,,,12
1914,حنبعل,https://ar.wikipedia.org/wiki?curid=1914,,,,,9
1656,المسيحية,https://ar.wikipedia.org/wiki?curid=1656,,,,,17
1658,لغة,https://ar.wikipedia.org/wiki?curid=1658,,,,,47
1660,أسرة لغات,https://ar.wikipedia.org/wiki?curid=1660,,,,,4
1692,جيبوتي,https://ar.wikipedia.org/wiki?curid=1692,,,,,20
1694,النشيد الشريف,https://ar.wikipedia.org/wiki?curid=1694,,,,,8
1700,الدوحة,https://ar.wikipedia.org/wiki?curid=1700,,,,,33
1703,يوم ذي قار,https://ar.wikipedia.org/wiki?curid=1703,,,,,91
1707,لغات أمازيغية,https://ar.wikipedia.org/wiki?curid=1707,,,,,2
1710,النشيد الوطني القطري,https://ar.wikipedia.org/wiki?curid=1710,,,,,6
1712,قائمة رؤساء الجزائر,https://ar.wikipedia.org/wiki?curid=1712,,,,,11
1713,شهود يهوه,https://ar.wikipedia.org/wiki?curid=1713,,,,,27
1714,جزر القمر,https://ar.wikipedia.org/wiki?curid=1714,,,,,2
2127,الكندي,https://ar.wikipedia.org/wiki?curid=2127,,,,,1
2128,عطارد,https://ar.wikipedia.org/wiki?curid=2128,,,,,13
2130,جاذبية,https://ar.wikipedia.org/wiki?curid=2130,,,,,1
2131,مغناطيس,https://ar.wikipedia.org/wiki?curid=2131,,,,,6
2132,بنيامين نتنياهو,https://ar.wikipedia.org/wiki?curid=2132,,,,,12
2134,انتخابات رئاسية جزائرية,https://ar.wikipedia.org/wiki?curid=2134,,,,,11
2138,رازي (توضيح),https://ar.wikipedia.org/wiki?curid=2138,,,,,1
2141,9 أبريل,https://ar.wikipedia.org/wiki?curid=2141,,,,,2
2145,إيهود باراك,https://ar.wikipedia.org/wiki?curid=2145,,,,,2
2149,المغرب العربي,https://ar.wikipedia.org/wiki?curid=2149,,,,,9
2152,شركة والت ديزني,https://ar.wikipedia.org/wiki?curid=2152,,,,,8
2154,شورى,https://ar.wikipedia.org/wiki?curid=2154,,,,,19
2155,سنجان,https://ar.wikipedia.org/wiki?curid=2155,,,,,9
2159,يناير,https://ar.wikipedia.org/wiki?curid=2159,,,,,13
2162,1 يناير,https://ar.wikipedia.org/wiki?curid=2162,,,,,2
2163,2 يناير,https://ar.wikipedia.org/wiki?curid=2163,,,,,2
2164,3 يناير,https://ar.wikipedia.org/wiki?curid=2164,,,,,2
2165,4 يناير,https://ar.wikipedia.org/wiki?curid=2165,,,,,2
2166,5 يناير,https://ar.wikipedia.org/wiki?curid=2166,,,,,2
2167,6 يناير,https://ar.wikipedia.org/wiki?curid=2167,,,,,2
2168,7 يناير,https://ar.wikipedia.org/wiki?curid=2168,,,,,2
2169,8 يناير,https://ar.wikipedia.org/wiki?curid=2169,,,,,2
2180,فبراير,https://ar.wikipedia.org/wiki?curid=2180,,,,,8
2185,9 يناير,https://ar.wikipedia.org/wiki?curid=2185,,,,,2
2186,10 يناير,https://ar.wikipedia.org/wiki?curid=2186,,,,,2
2187,11 يناير,https://ar.wikipedia.org/wiki?curid=2187,,,,,2
2188,12 يناير,https://ar.wikipedia.org/wiki?curid=2188,,,,,2
2189,13 يناير,https://ar.wikipedia.org/wiki?curid=2189,,,,,2
2193,14 يناير,https://ar.wikipedia.org/wiki?curid=2193,,,,,2
2197,شنتو,https://ar.wikipedia.org/wiki?curid=2197,,,,,1
2201,ثقافة اليابان,https://ar.wikipedia.org/wiki?curid=2201,,,,,7
2202,إيكيبانا,https://ar.wikipedia.org/wiki?curid=2202,,,,,8
2203,أوريغامي,https://ar.wikipedia.org/wiki?curid=2203,,,,,2
1477,أوراكل,https://ar.wikipedia.org/wiki?curid=1477,,,,,20
1479,قطر,https://ar.wikipedia.org/wiki?curid=1479,,,,,8
1481,فن,https://ar.wikipedia.org/wiki?curid=1481,,,,,20
1482,مسرح تجريبي,https://ar.wikipedia.org/wiki?curid=1482,,,,,3
1485,لغات سامية,https://ar.wikipedia.org/wiki?curid=1485,,,,,3
1486,موسوعة,https://ar.wikipedia.org/wiki?curid=1486,,,,,17
1490,نظام إدارة المحتوى,https://ar.wikipedia.org/wiki?curid=1490,,,,,20
1492,حاسوب,https://ar.wikipedia.org/wiki?curid=1492,,,,,53
2269,قطاع غزة,https://ar.wikipedia.org/wiki?curid=2269,,,,,2
2270,الأمم المتحدة,https://ar.wikipedia.org/wiki?curid=2270,,,,,6
2273,منظمة,https://ar.wikipedia.org/wiki?curid=2273,,,,,16
2275,عالم (مهنة),https://ar.wikipedia.org/wiki?curid=2275,,,,,3
2276,العالم,https://ar.wikipedia.org/wiki?curid=2276,,,,,26
2332,رام الله,https://ar.wikipedia.org/wiki?curid=2332,,,,,12
2335,نابلس,https://ar.wikipedia.org/wiki?curid=2335,,,,,6
2342,8 يونيو,https://ar.wikipedia.org/wiki?curid=2342,,,,,2
2343,9 يونيو,https://ar.wikipedia.org/wiki?curid=2343,,,,,2
2344,10 يونيو,https://ar.wikipedia.org/wiki?curid=2344,,,,,2
2345,11 يونيو,https://ar.wikipedia.org/wiki?curid=2345,,,,,2
2346,12 يونيو,https://ar.wikipedia.org/wiki?curid=2346,,,,,2
2347,13 يونيو,https://ar.wikipedia.org/wiki?curid=2347,,,,,2
2348,14 يونيو,https://ar.wikipedia.org/wiki?curid=2348,,,,,2
2357,8 مايو,https://ar.wikipedia.org/wiki?curid=2357,,,,,2
2358,9 مايو,https://ar.wikipedia.org/wiki?curid=2358,,,,,2
2359,10 مايو,https://ar.wikipedia.org/wiki?curid=2359,,,,,2
2360,11 مايو,https://ar.wikipedia.org/wiki?curid=2360,,,,,2
2361,12 مايو,https://ar.wikipedia.org/wiki?curid=2361,,,,,2
2362,13 مايو,https://ar.wikipedia.org/wiki?curid=2362,,,,,2
2363,14 مايو,https://ar.wikipedia.org/wiki?curid=2363,,,,,2
2364,15 مايو,https://ar.wikipedia.org/wiki?curid=2364,,,,,2
2366,أمة (إسلام),https://ar.wikipedia.org/wiki?curid=2366,,,,,11
2370,مردخاي فعنونو,https://ar.wikipedia.org/wiki?curid=2370,,,,,13
2371,طوكيو,https://ar.wikipedia.org/wiki?curid=2371,,,,,3
2374,يونيو,https://ar.wikipedia.org/wiki?curid=2374,,,,,16
2377,3 أبريل,https://ar.wikipedia.org/wiki?curid=2377,,,,,2
2379,4 أبريل,https://ar.wikipedia.org/wiki?curid=2379,,,,,2
2383,رمضان,https://ar.wikipedia.org/wiki?curid=2383,,,,,5
2384,21 أبريل,https://ar.wikipedia.org/wiki?curid=2384,,,,,2
2385,22 أبريل,https://ar.wikipedia.org/wiki?curid=2385,,,,,2
2386,16 مايو,https://ar.wikipedia.org/wiki?curid=2386,,,,,2
2387,17 مايو,https://ar.wikipedia.org/wiki?curid=2387,,,,,2
2388,18 مايو,https://ar.wikipedia.org/wiki?curid=2388,,,,,2
2389,19 مايو,https://ar.wikipedia.org/wiki?curid=2389,,,,,2
2390,20 مايو,https://ar.wikipedia.org/wiki?curid=2390,,,,,2
2393,حسني مبارك,https://ar.wikipedia.org/wiki?curid=2393,,,,,7
2394,مارس,https://ar.wikipedia.org/wiki?curid=2394,,,,,2
2396,دينار جزائري,https://ar.wikipedia.org/wiki?curid=2396,,,,,8
2397,21 مايو,https://ar.wikipedia.org/wiki?curid=2397,,,,,2
2398,22 مايو,https://ar.wikipedia.org/wiki?curid=2398,,,,,2
2399,23 أبريل,https://ar.wikipedia.org/wiki?curid=2399,,,,,2
2400,23 مايو,https://ar.wikipedia.org/wiki?curid=2400,,,,,2
2401,24 مايو,https://ar.wikipedia.org/wiki?curid=2401,,,,,2
2403,25 مايو,https://ar.wikipedia.org/wiki?curid=2403,,,,,2
2404,26 مايو,https://ar.wikipedia.org/wiki?curid=2404,,,,,2
2406,27 مايو,https://ar.wikipedia.org/wiki?curid=2406,,,,,2
2407,28 مايو,https://ar.wikipedia.org/wiki?curid=2407,,,,,2
2408,29 مايو,https://ar.wikipedia.org/wiki?curid=2408,,,,,2
2409,30 مايو,https://ar.wikipedia.org/wiki?curid=2409,,,,,2
2410,31 مايو,https://ar.wikipedia.org/wiki?curid=2410,,,,,2
2411,1 يونيو,https://ar.wikipedia.org/wiki?curid=2411,,,,,2
2413,تقويم ميلادي,https://ar.wikipedia.org/wiki?curid=2413,,,,,7
2414,3 يونيو,https://ar.wikipedia.org/wiki?curid=2414,,,,,2
2416,4 يونيو,https://ar.wikipedia.org/wiki?curid=2416,,,,,2
2417,العالم الغربي,https://ar.wikipedia.org/wiki?curid=2417,,,,,15
2418,5 يونيو,https://ar.wikipedia.org/wiki?curid=2418,,,,,2
2419,6 يونيو,https://ar.wikipedia.org/wiki?curid=2419,,,,,2
2420,7 يونيو,https://ar.wikipedia.org/wiki?curid=2420,,,,,2
2421,15 يونيو,https://ar.wikipedia.org/wiki?curid=2421,,,,,2
2422,16 يونيو,https://ar.wikipedia.org/wiki?curid=2422,,,,,2
2424,يوليو,https://ar.wikipedia.org/wiki?curid=2424,,,,,10
2425,17 يونيو,https://ar.wikipedia.org/wiki?curid=2425,,,,,2
2427,18 يونيو,https://ar.wikipedia.org/wiki?curid=2427,,,,,2
2428,أغسطس,https://ar.wikipedia.org/wiki?curid=2428,,,,,17
2429,19 يونيو,https://ar.wikipedia.org/wiki?curid=2429,,,,,2
2431,20 يونيو,https://ar.wikipedia.org/wiki?curid=2431,,,,,2
2432,24 أبريل,https://ar.wikipedia.org/wiki?curid=2432,,,,,2
2433,25 أبريل,https://ar.wikipedia.org/wiki?curid=2433,,,,,2
2434,26 أبريل,https://ar.wikipedia.org/wiki?curid=2434,,,,,2
2435,27 أبريل,https://ar.wikipedia.org/wiki?curid=2435,,,,,2
2437,29 أبريل,https://ar.wikipedia.org/wiki?curid=2437,,,,,2
2438,30 أبريل,https://ar.wikipedia.org/wiki?curid=2438,,,,,2
2439,20 أبريل,https://ar.wikipedia.org/wiki?curid=2439,,,,,2
2440,19 أبريل,https://ar.wikipedia.org/wiki?curid=2440,,,,,2
2442,12 أبريل,https://ar.wikipedia.org/wiki?curid=2442,,,,,2
2443,13 أبريل,https://ar.wikipedia.org/wiki?curid=2443,,,,,2
2444,11 أبريل,https://ar.wikipedia.org/wiki?curid=2444,,,,,2
2445,10 أبريل,https://ar.wikipedia.org/wiki?curid=2445,,,,,2
2446,8 أبريل,https://ar.wikipedia.org/wiki?curid=2446,,,,,2
2447,7 أبريل,https://ar.wikipedia.org/wiki?curid=2447,,,,,2
2448,6 أبريل,https://ar.wikipedia.org/wiki?curid=2448,,,,,2
2449,5 أبريل,https://ar.wikipedia.org/wiki?curid=2449,,,,,2
2450,14 أبريل,https://ar.wikipedia.org/wiki?curid=2450,,,,,2
2451,15 أبريل,https://ar.wikipedia.org/wiki?curid=2451,,,,,2
2452,16 أبريل,https://ar.wikipedia.org/wiki?curid=2452,,,,,2
2453,21 يونيو,https://ar.wikipedia.org/wiki?curid=2453,,,,,2
2457,هيروشيما,https://ar.wikipedia.org/wiki?curid=2457,,,,,5
2465,22 يونيو,https://ar.wikipedia.org/wiki?curid=2465,,,,,2
2466,سكيكدة,https://ar.wikipedia.org/wiki?curid=2466,,,,,10
2467,23 يونيو,https://ar.wikipedia.org/wiki?curid=2467,,,,,2
2468,24 يونيو,https://ar.wikipedia.org/wiki?curid=2468,,,,,2
1307,لبنان,https://ar.wikipedia.org/wiki?curid=1307,,,,,1
1313,جامعة الدول العربية,https://ar.wikipedia.org/wiki?curid=1313,,,,,34
1318,الجبر,https://ar.wikipedia.org/wiki?curid=1318,,,,,2
1319,محمد بن موسى الخوارزمي,https://ar.wikipedia.org/wiki?curid=1319,,,,,9
1330,بيروت,https://ar.wikipedia.org/wiki?curid=1330,,,,,31
1333,البحر الأبيض المتوسط,https://ar.wikipedia.org/wiki?curid=1333,,,,,9
1341,ألمانيا,https://ar.wikipedia.org/wiki?curid=1341,,,,,34
1343,برلين,https://ar.wikipedia.org/wiki?curid=1343,,,,,10
1346,إسبرانتو,https://ar.wikipedia.org/wiki?curid=1346,,,,,7
1348,عمرو موسى,https://ar.wikipedia.org/wiki?curid=1348,,,,,25
3265,بيسان,https://ar.wikipedia.org/wiki?curid=3265,,,,,2
3266,إسرائيل وأسلحة الدمار الشامل,https://ar.wikipedia.org/wiki?curid=3266,,,,,35
3296,سلوفاكيا,https://ar.wikipedia.org/wiki?curid=3296,,,,,33
3325,رونالد ريغان,https://ar.wikipedia.org/wiki?curid=3325,,,,,1
3329,جبل جرزيم,https://ar.wikipedia.org/wiki?curid=3329,,,,,7
3345,المندائية,https://ar.wikipedia.org/wiki?curid=3345,,,,,51
3347,السمارة (مدينة),https://ar.wikipedia.org/wiki?curid=3347,,,,,29
3348,وادي الذهب,https://ar.wikipedia.org/wiki?curid=3348,,,,,6
3360,حافظ الأسد,https://ar.wikipedia.org/wiki?curid=3360,,,,,46
3361,علويون (طائفة),https://ar.wikipedia.org/wiki?curid=3361,,,,,3
3364,18 يوليو,https://ar.wikipedia.org/wiki?curid=3364,,,,,2
3366,الجمعة,https://ar.wikipedia.org/wiki?curid=3366,,,,,9
3372,سكاي أو إس,https://ar.wikipedia.org/wiki?curid=3372,,,,,5
3378,البيض (مدينة),https://ar.wikipedia.org/wiki?curid=3378,,,,,6
3385,لغة تأشير النص الترابطي,https://ar.wikipedia.org/wiki?curid=3385,,,,,2
3673,تونس,https://ar.wikipedia.org/wiki?curid=3673,,,,,3
3676,تاريخ فلسطين,https://ar.wikipedia.org/wiki?curid=3676,,,,,8
3682,حملات صليبية,https://ar.wikipedia.org/wiki?curid=3682,,,,,14
3684,10 أغسطس,https://ar.wikipedia.org/wiki?curid=3684,,,,,2
3685,قران (عملة),https://ar.wikipedia.org/wiki?curid=3685,,,,,3
3912,نيجيريا,https://ar.wikipedia.org/wiki?curid=3912,,,,,28
3914,الصومال,https://ar.wikipedia.org/wiki?curid=3914,,,,,1
3915,كينيا,https://ar.wikipedia.org/wiki?curid=3915,,,,,49
3916,تنزانيا,https://ar.wikipedia.org/wiki?curid=3916,,,,,7
3917,الغابون,https://ar.wikipedia.org/wiki?curid=3917,,,,,13
3815,غيستابو,https://ar.wikipedia.org/wiki?curid=3815,,,,,18
3819,يوزف غوبلز,https://ar.wikipedia.org/wiki?curid=3819,,,,,2
3820,29 أكتوبر,https://ar.wikipedia.org/wiki?curid=3820,,,,,2
3821,هاينريش هيملر,https://ar.wikipedia.org/wiki?curid=3821,,,,,2
3823,7 أكتوبر,https://ar.wikipedia.org/wiki?curid=3823,,,,,2
3830,النشيد الوطني المصري,https://ar.wikipedia.org/wiki?curid=3830,,,,,9
3833,هيرمان غورينغ,https://ar.wikipedia.org/wiki?curid=3833,,,,,5
3838,جدار فاصل,https://ar.wikipedia.org/wiki?curid=3838,,,,,1
3844,رياضة,https://ar.wikipedia.org/wiki?curid=3844,,,,,42
3845,الألعاب الأولمبية,https://ar.wikipedia.org/wiki?curid=3845,,,,,24
3847,أدولف أيخمان,https://ar.wikipedia.org/wiki?curid=3847,,,,,8
3848,19 مارس,https://ar.wikipedia.org/wiki?curid=3848,,,,,2
3853,كبش فداء,https://ar.wikipedia.org/wiki?curid=3853,,,,,3
3856,الحل الأخير,https://ar.wikipedia.org/wiki?curid=3856,,,,,11
3857,30 أغسطس,https://ar.wikipedia.org/wiki?curid=3857,,,,,2
3859,31 أغسطس,https://ar.wikipedia.org/wiki?curid=3859,,,,,2
3861,ألبانيا,https://ar.wikipedia.org/wiki?curid=3861,,,,,25
3862,أندورا,https://ar.wikipedia.org/wiki?curid=3862,,,,,16
6609,بيل كلينتون,https://ar.wikipedia.org/wiki?curid=6609,,,,,2
6611,الموصل,https://ar.wikipedia.org/wiki?curid=6611,,,,,3
6613,ميخائيل غورباتشوف,https://ar.wikipedia.org/wiki?curid=6613,,,,,4
6614,كولورادو,https://ar.wikipedia.org/wiki?curid=6614,,,,,37
6616,البرازيل,https://ar.wikipedia.org/wiki?curid=6616,,,,,2
6564,جورج بوش الابن,https://ar.wikipedia.org/wiki?curid=6564,,,,,6
6566,درهم مغربي,https://ar.wikipedia.org/wiki?curid=6566,,,,,16
6567,الرباط,https://ar.wikipedia.org/wiki?curid=6567,,,,,17
6568,البرتغال,https://ar.wikipedia.org/wiki?curid=6568,,,,,10
6570,حمام الزاجل,https://ar.wikipedia.org/wiki?curid=6570,,,,,13
6572,غاليليو غاليلي,https://ar.wikipedia.org/wiki?curid=6572,,,,,17
6573,إلفيس بريسلي,https://ar.wikipedia.org/wiki?curid=6573,,,,,34
6575,ريال سعودي,https://ar.wikipedia.org/wiki?curid=6575,,,,,10
6576,كرة القاعدة,https://ar.wikipedia.org/wiki?curid=6576,,,,,5
6577,نهر الراين,https://ar.wikipedia.org/wiki?curid=6577,,,,,14
6578,أذربيجان,https://ar.wikipedia.org/wiki?curid=6578,,,,,16
3892,الفاتيكان,https://ar.wikipedia.org/wiki?curid=3892,,,,,37
3893,سان مارينو,https://ar.wikipedia.org/wiki?curid=3893,,,,,17
3895,إسبانيا,https://ar.wikipedia.org/wiki?curid=3895,,,,,11
3896,موناكو,https://ar.wikipedia.org/wiki?curid=3896,,,,,2
3898,تشاد,https://ar.wikipedia.org/wiki?curid=3898,,,,,5
3899,النيجر,https://ar.wikipedia.org/wiki?curid=3899,,,,,33
3726,كنعانيون,https://ar.wikipedia.org/wiki?curid=3726,,,,,2
3728,18 أغسطس,https://ar.wikipedia.org/wiki?curid=3728,,,,,2
3729,17 أغسطس,https://ar.wikipedia.org/wiki?curid=3729,,,,,2
3733,20 أغسطس,https://ar.wikipedia.org/wiki?curid=3733,,,,,2
3734,لسان الدين بن الخطيب,https://ar.wikipedia.org/wiki?curid=3734,,,,,22
3735,معالجة اللغة الطبيعية,https://ar.wikipedia.org/wiki?curid=3735,,,,,15
3736,السلطنة القعيطية,https://ar.wikipedia.org/wiki?curid=3736,,,,,42
3737,إنتروبيا,https://ar.wikipedia.org/wiki?curid=3737,,,,,6
3743,فلاديمير لينين,https://ar.wikipedia.org/wiki?curid=3743,,,,,20
3747,موجة,https://ar.wikipedia.org/wiki?curid=3747,,,,,8
3751,آبا (فرقة موسيقية),https://ar.wikipedia.org/wiki?curid=3751,,,,,39
3753,22 أغسطس,https://ar.wikipedia.org/wiki?curid=3753,,,,,2
3767,23 أغسطس,https://ar.wikipedia.org/wiki?curid=3767,,,,,2
3768,9 سبتمبر,https://ar.wikipedia.org/wiki?curid=3768,,,,,2
3770,ماو تسي تونغ,https://ar.wikipedia.org/wiki?curid=3770,,,,,28
3772,أدولف هتلر,https://ar.wikipedia.org/wiki?curid=3772,,,,,16
1349,سلطنة عمان,https://ar.wikipedia.org/wiki?curid=1349,,,,,22
1351,1958,https://ar.wikipedia.org/wiki?curid=1351,,,,,1
1353,دمشق,https://ar.wikipedia.org/wiki?curid=1353,,,,,64
1357,الفرات,https://ar.wikipedia.org/wiki?curid=1357,,,,,18
1358,نيويورك,https://ar.wikipedia.org/wiki?curid=1358,,,,,34
1360,قابوس بن سعيد,https://ar.wikipedia.org/wiki?curid=1360,,,,,4
1363,الصلاة في الإسلام,https://ar.wikipedia.org/wiki?curid=1363,,,,,15
1364,لينوس تورفالدس,https://ar.wikipedia.org/wiki?curid=1364,,,,,11
1253,الأردن,https://ar.wikipedia.org/wiki?curid=1253,,,,,22
1255,لينكس,https://ar.wikipedia.org/wiki?curid=1255,,,,,8
1256,مصدر مفتوح,https://ar.wikipedia.org/wiki?curid=1256,,,,,10
1270,ميدياويكي,https://ar.wikipedia.org/wiki?curid=1270,,,,,7
1271,ويكي,https://ar.wikipedia.org/wiki?curid=1271,,,,,12
1275,نظام تشغيل,https://ar.wikipedia.org/wiki?curid=1275,,,,,7
1293,يورو,https://ar.wikipedia.org/wiki?curid=1293,,,,,2
1298,هلسنكي,https://ar.wikipedia.org/wiki?curid=1298,,,,,3
1299,برمجيات حرة,https://ar.wikipedia.org/wiki?curid=1299,,,,,7
2293,الولايات المتحدة,https://ar.wikipedia.org/wiki?curid=2293,,,,,21
2295,ونستون تشرشل,https://ar.wikipedia.org/wiki?curid=2295,,,,,16
2299,ياسر عرفات,https://ar.wikipedia.org/wiki?curid=2299,,,,,4
2300,قائمة الدول الأعضاء في الأمم المتحدة,https://ar.wikipedia.org/wiki?curid=2300,,,,,17
2303,22 يناير,https://ar.wikipedia.org/wiki?curid=2303,,,,,2
2304,23 يناير,https://ar.wikipedia.org/wiki?curid=2304,,,,,2
2305,24 يناير,https://ar.wikipedia.org/wiki?curid=2305,,,,,2
2306,25 يناير,https://ar.wikipedia.org/wiki?curid=2306,,,,,2
2307,26 يناير,https://ar.wikipedia.org/wiki?curid=2307,,,,,2
2308,27 يناير,https://ar.wikipedia.org/wiki?curid=2308,,,,,2
2309,28 يناير,https://ar.wikipedia.org/wiki?curid=2309,,,,,2
2310,29 يناير,https://ar.wikipedia.org/wiki?curid=2310,,,,,2
2311,30 يناير,https://ar.wikipedia.org/wiki?curid=2311,,,,,2
2312,31 يناير,https://ar.wikipedia.org/wiki?curid=2312,,,,,2
2316,منسف,https://ar.wikipedia.org/wiki?curid=2316,,,,,6
2317,1 مايو,https://ar.wikipedia.org/wiki?curid=2317,,,,,2
2318,2 مايو,https://ar.wikipedia.org/wiki?curid=2318,,,,,2
2321,صفحات خادم جافا,https://ar.wikipedia.org/wiki?curid=2321,,,,,4
2322,3 مايو,https://ar.wikipedia.org/wiki?curid=2322,,,,,2
2324,4 مايو,https://ar.wikipedia.org/wiki?curid=2324,,,,,2
2325,5 مايو,https://ar.wikipedia.org/wiki?curid=2325,,,,,2
2326,6 مايو,https://ar.wikipedia.org/wiki?curid=2326,,,,,2
2327,7 مايو,https://ar.wikipedia.org/wiki?curid=2327,,,,,2
2328,مايو,https://ar.wikipedia.org/wiki?curid=2328,,,,,9
2277,الوطن العربي,https://ar.wikipedia.org/wiki?curid=2277,,,,,14
2278,لغات كنعانية,https://ar.wikipedia.org/wiki?curid=2278,,,,,28
2280,فرانكلين روزفلت,https://ar.wikipedia.org/wiki?curid=2280,,,,,4
2283,أبو العتاهية,https://ar.wikipedia.org/wiki?curid=2283,,,,,13
2284,مليون,https://ar.wikipedia.org/wiki?curid=2284,,,,,5
2285,كيمياء,https://ar.wikipedia.org/wiki?curid=2285,,,,,37
2289,ابن طفيل,https://ar.wikipedia.org/wiki?curid=2289,,,,,2
2292,1943,https://ar.wikipedia.org/wiki?curid=2292,,,,,3
3900,مالي,https://ar.wikipedia.org/wiki?curid=3900,,,,,18
3902,السنغال,https://ar.wikipedia.org/wiki?curid=3902,,,,,18
3903,غامبيا,https://ar.wikipedia.org/wiki?curid=3903,,,,,24
3904,غينيا بيساو,https://ar.wikipedia.org/wiki?curid=3904,,,,,21
3905,غينيا,https://ar.wikipedia.org/wiki?curid=3905,,,,,31
3906,سيراليون,https://ar.wikipedia.org/wiki?curid=3906,,,,,26
3907,ليبيريا,https://ar.wikipedia.org/wiki?curid=3907,,,,,137
3908,غانا,https://ar.wikipedia.org/wiki?curid=3908,,,,,18
3909,توغو,https://ar.wikipedia.org/wiki?curid=3909,,,,,11
3910,بنين,https://ar.wikipedia.org/wiki?curid=3910,,,,,11
3911,بوركينا فاسو,https://ar.wikipedia.org/wiki?curid=3911,,,,,8
6579,مصرف,https://ar.wikipedia.org/wiki?curid=6579,,,,,5
6580,قطار,https://ar.wikipedia.org/wiki?curid=6580,,,,,27
6581,إبراهيم طوقان,https://ar.wikipedia.org/wiki?curid=6581,,,,,74
6582,فدوى طوقان,https://ar.wikipedia.org/wiki?curid=6582,,,,,24
6583,طفو,https://ar.wikipedia.org/wiki?curid=6583,,,,,4
6584,ماليزيا,https://ar.wikipedia.org/wiki?curid=6584,,,,,12
6585,سنغافورة,https://ar.wikipedia.org/wiki?curid=6585,,,,,24
6586,زائير,https://ar.wikipedia.org/wiki?curid=6586,,,,,4
6588,فهد بن عبد العزيز آل سعود,https://ar.wikipedia.org/wiki?curid=6588,,,,,24
6589,عاصفة,https://ar.wikipedia.org/wiki?curid=6589,,,,,4
6590,دولار ليبيري,https://ar.wikipedia.org/wiki?curid=6590,,,,,18
3687,موحدون دروز,https://ar.wikipedia.org/wiki?curid=3687,,,,,5
3689,11 أغسطس,https://ar.wikipedia.org/wiki?curid=3689,,,,,2
3690,قائمة المستوطنات الإسرائيلية,https://ar.wikipedia.org/wiki?curid=3690,,,,,6
3693,حمص,https://ar.wikipedia.org/wiki?curid=3693,,,,,19
3694,إل إس,https://ar.wikipedia.org/wiki?curid=3694,,,,,9
3697,معركة حطين,https://ar.wikipedia.org/wiki?curid=3697,,,,,5
3699,14 أغسطس,https://ar.wikipedia.org/wiki?curid=3699,,,,,2
3704,13 أغسطس,https://ar.wikipedia.org/wiki?curid=3704,,,,,2
3705,12 أغسطس,https://ar.wikipedia.org/wiki?curid=3705,,,,,2
3710,إسماعيلية,https://ar.wikipedia.org/wiki?curid=3710,,,,,24
3711,السودان,https://ar.wikipedia.org/wiki?curid=3711,,,,,10
3714,15 أغسطس,https://ar.wikipedia.org/wiki?curid=3714,,,,,2
3718,بريطانيا (توضيح),https://ar.wikipedia.org/wiki?curid=3718,,,,,1
6591,باكستان,https://ar.wikipedia.org/wiki?curid=6591,,,,,16
6592,الفلبين,https://ar.wikipedia.org/wiki?curid=6592,,,,,17
6593,ريتشارد نيكسون,https://ar.wikipedia.org/wiki?curid=6593,,,,,28
6603,أهل الكتاب,https://ar.wikipedia.org/wiki?curid=6603,,,,,13
3773,معرفة,https://ar.wikipedia.org/wiki?curid=3773,,,,,48
3775,24 أغسطس,https://ar.wikipedia.org/wiki?curid=3775,,,,,2
3779,25 أغسطس,https://ar.wikipedia.org/wiki?curid=3779,,,,,2
3786,الصحراء الغربية,https://ar.wikipedia.org/wiki?curid=3786,,,,,3
3789,26 أغسطس,https://ar.wikipedia.org/wiki?curid=3789,,,,,2
3791,جغرافيا,https://ar.wikipedia.org/wiki?curid=3791,,,,,2
3795,1993,https://ar.wikipedia.org/wiki?curid=3795,,,,,2
3803,رمز الهاتف الدولي,https://ar.wikipedia.org/wiki?curid=3803,,,,,4
3808,28 أغسطس,https://ar.wikipedia.org/wiki?curid=3808,,,,,2
3809,معاهدة فرساي,https://ar.wikipedia.org/wiki?curid=3809,,,,,6
3812,عصبة الأمم,https://ar.wikipedia.org/wiki?curid=3812,,,,,5
3656,تورينغن,https://ar.wikipedia.org/wiki?curid=3656,,,,,19
3659,يوهان سباستيان باخ,https://ar.wikipedia.org/wiki?curid=3659,,,,,8
3666,9 أغسطس,https://ar.wikipedia.org/wiki?curid=3666,,,,,2
3667,28 يوليو,https://ar.wikipedia.org/wiki?curid=3667,,,,,2
3670,إيطاليا,https://ar.wikipedia.org/wiki?curid=3670,,,,,29
3672,إيران,https://ar.wikipedia.org/wiki?curid=3672,,,,,2
3919,زامبيا,https://ar.wikipedia.org/wiki?curid=3919,,,,,9
3921,موزمبيق,https://ar.wikipedia.org/wiki?curid=3921,,,,,1
3922,زيمبابوي,https://ar.wikipedia.org/wiki?curid=3922,,,,,27
3928,أولاد تبان,https://ar.wikipedia.org/wiki?curid=3928,,,,,3
3931,3 سبتمبر,https://ar.wikipedia.org/wiki?curid=3931,,,,,2
3935,طوماس كلستيل,https://ar.wikipedia.org/wiki?curid=3935,,,,,1
3940,الريان (قطر),https://ar.wikipedia.org/wiki?curid=3940,,,,,9
3941,2 سبتمبر,https://ar.wikipedia.org/wiki?curid=3941,,,,,2
3944,الحرب العالمية الأولى,https://ar.wikipedia.org/wiki?curid=3944,,,,,12
3398,المسمية الكبيرة,https://ar.wikipedia.org/wiki?curid=3398,,,,,4
3399,2003,https://ar.wikipedia.org/wiki?curid=3399,,,,,1
3402,26 نوفمبر,https://ar.wikipedia.org/wiki?curid=3402,,,,,2
3407,14 فبراير,https://ar.wikipedia.org/wiki?curid=3407,,,,,2
3408,4 أكتوبر,https://ar.wikipedia.org/wiki?curid=3408,,,,,2
3409,2 أغسطس,https://ar.wikipedia.org/wiki?curid=3409,,,,,2
3410,هضبة الجولان,https://ar.wikipedia.org/wiki?curid=3410,,,,,40
3412,حرب أكتوبر,https://ar.wikipedia.org/wiki?curid=3412,,,,,8
3426,محفوظ نحناح,https://ar.wikipedia.org/wiki?curid=3426,,,,,8
3428,نور الدين زنكي,https://ar.wikipedia.org/wiki?curid=3428,,,,,12
3430,مؤسسة الشيخ عيد بن محمد آل ثاني الخيرية,https://ar.wikipedia.org/wiki?curid=3430,,,,,8
3431,راكان بن حثلين,https://ar.wikipedia.org/wiki?curid=3431,,,,,10
3461,الكنيسة الأرثوذكسية الشرقية,https://ar.wikipedia.org/wiki?curid=3461,,,,,9
3462,علي بن عبد الله آل ثاني,https://ar.wikipedia.org/wiki?curid=3462,,,,,2
3477,شفق قطبي,https://ar.wikipedia.org/wiki?curid=3477,,,,,2
1574,الحج في الإسلام,https://ar.wikipedia.org/wiki?curid=1574,,,,,88
1581,علم الفلك,https://ar.wikipedia.org/wiki?curid=1581,,,,,5
1583,لغات إفريقية آسيوية,https://ar.wikipedia.org/wiki?curid=1583,,,,,8
1585,بسام طيبي,https://ar.wikipedia.org/wiki?curid=1585,,,,,4
1596,جهيمان العتيبي,https://ar.wikipedia.org/wiki?curid=1596,,,,,18
1597,التوراة,https://ar.wikipedia.org/wiki?curid=1597,,,,,2
1598,نزار قباني,https://ar.wikipedia.org/wiki?curid=1598,,,,,19
1600,طيران الإمارات,https://ar.wikipedia.org/wiki?curid=1600,,,,,14
1604,ديانة,https://ar.wikipedia.org/wiki?curid=1604,,,,,9
1606,الهندوسية,https://ar.wikipedia.org/wiki?curid=1606,,,,,4
1521,فيروز (مغنية),https://ar.wikipedia.org/wiki?curid=1521,,,,,8
1523,ألبرت أينشتاين,https://ar.wikipedia.org/wiki?curid=1523,,,,,19
1525,مصطفى وهبي التل,https://ar.wikipedia.org/wiki?curid=1525,,,,,3
1526,إربد,https://ar.wikipedia.org/wiki?curid=1526,,,,,13
1537,باتنة,https://ar.wikipedia.org/wiki?curid=1537,,,,,17
1987,الدولة الأيوبية,https://ar.wikipedia.org/wiki?curid=1987,,,,,8
1990,بنو عباد,https://ar.wikipedia.org/wiki?curid=1990,,,,,1
1992,سلالة العلويين الفيلاليين الحاكمة,https://ar.wikipedia.org/wiki?curid=1992,,,,,18
1993,الدولة الأفشارية,https://ar.wikipedia.org/wiki?curid=1993,,,,,7
1994,بنو الأفطس,https://ar.wikipedia.org/wiki?curid=1994,,,,,1
1995,الدولة الأغلبية,https://ar.wikipedia.org/wiki?curid=1995,,,,,3
1997,بنو عامر (الأندلس),https://ar.wikipedia.org/wiki?curid=1997,,,,,7
1944,الكتاب المقدس,https://ar.wikipedia.org/wiki?curid=1944,,,,,59
1945,كتابة لاتينية,https://ar.wikipedia.org/wiki?curid=1945,,,,,14
1946,فيزياء,https://ar.wikipedia.org/wiki?curid=1946,,,,,7
1954,تاريخ اليابان,https://ar.wikipedia.org/wiki?curid=1954,,,,,19
1955,فترة جومون,https://ar.wikipedia.org/wiki?curid=1955,,,,,3
1956,فترة يايوي,https://ar.wikipedia.org/wiki?curid=1956,,,,,2
1957,فترة كوفون,https://ar.wikipedia.org/wiki?curid=1957,,,,,10
1959,فترة نارا,https://ar.wikipedia.org/wiki?curid=1959,,,,,2
1960,فترة هييآن,https://ar.wikipedia.org/wiki?curid=1960,,,,,3
1961,فوجيوارا (عشيرة),https://ar.wikipedia.org/wiki?curid=1961,,,,,2
1963,موراساكي شيكيبو,https://ar.wikipedia.org/wiki?curid=1963,,,,,1
1964,قصة غنجي,https://ar.wikipedia.org/wiki?curid=1964,,,,,5
1965,ساموراي,https://ar.wikipedia.org/wiki?curid=1965,,,,,11
1966,فترة كاماكورا,https://ar.wikipedia.org/wiki?curid=1966,,,,,1
1967,ميناموتو نو يوريتومو,https://ar.wikipedia.org/wiki?curid=1967,,,,,2
1968,قصة الهائيكي,https://ar.wikipedia.org/wiki?curid=1968,,,,,5
1970,أشيكاغا تاكا-أوجي,https://ar.wikipedia.org/wiki?curid=1970,,,,,2
1971,فترة موروماتشي,https://ar.wikipedia.org/wiki?curid=1971,,,,,6
1972,فترة سينغوكو,https://ar.wikipedia.org/wiki?curid=1972,,,,,11
1973,الإمبراطور جينمو,https://ar.wikipedia.org/wiki?curid=1973,,,,,7
1975,مناحم بيجن,https://ar.wikipedia.org/wiki?curid=1975,,,,,24
1979,جائزة نوبل,https://ar.wikipedia.org/wiki?curid=1979,,,,,2
3008,الدولة الطولونية,https://ar.wikipedia.org/wiki?curid=3008,,,,,67
3009,مروانيون,https://ar.wikipedia.org/wiki?curid=3009,,,,,77
3010,الدولة السامانية,https://ar.wikipedia.org/wiki?curid=3010,,,,,42
3013,علمانية,https://ar.wikipedia.org/wiki?curid=3013,,,,,24
3014,البحرين,https://ar.wikipedia.org/wiki?curid=3014,,,,,4
3015,أسبوع,https://ar.wikipedia.org/wiki?curid=3015,,,,,6
3016,بوريون,https://ar.wikipedia.org/wiki?curid=3016,,,,,6
3017,بنو هود,https://ar.wikipedia.org/wiki?curid=3017,,,,,5
3018,الدولة الأرتقية,https://ar.wikipedia.org/wiki?curid=3018,,,,,8
5204,الحرب الأهلية اللبنانية,https://ar.wikipedia.org/wiki?curid=5204,,,,,140
5211,كرة القدم,https://ar.wikipedia.org/wiki?curid=5211,,,,,12
5213,10 نوفمبر,https://ar.wikipedia.org/wiki?curid=5213,,,,,2
5214,عنصرية,https://ar.wikipedia.org/wiki?curid=5214,,,,,5
5215,إس دبليو إف,https://ar.wikipedia.org/wiki?curid=5215,,,,,3
5217,بسط (رياضيات),https://ar.wikipedia.org/wiki?curid=5217,,,,,3
5250,بيريليوم,https://ar.wikipedia.org/wiki?curid=5250,,,,,6
5268,آمون,https://ar.wikipedia.org/wiki?curid=5268,,,,,3
5272,أبو القاسم الشابي,https://ar.wikipedia.org/wiki?curid=5272,,,,,5
5283,تقويم أمازيغي,https://ar.wikipedia.org/wiki?curid=5283,,,,,2
5290,زاوية قائمة,https://ar.wikipedia.org/wiki?curid=5290,,,,,5
5293,الأسرة المصرية الثانية والعشرون,https://ar.wikipedia.org/wiki?curid=5293,,,,,19
5303,24 نوفمبر,https://ar.wikipedia.org/wiki?curid=5303,,,,,2
5317,25 نوفمبر,https://ar.wikipedia.org/wiki?curid=5317,,,,,2
5318,رأسمالية,https://ar.wikipedia.org/wiki?curid=5318,,,,,47
5320,جوز الهند,https://ar.wikipedia.org/wiki?curid=5320,,,,,13
5326,زمرد,https://ar.wikipedia.org/wiki?curid=5326,,,,,18
5331,خوارزمية,https://ar.wikipedia.org/wiki?curid=5331,,,,,9
5333,حساب,https://ar.wikipedia.org/wiki?curid=5333,,,,,13
4411,عولمة,https://ar.wikipedia.org/wiki?curid=4411,,,,,44
4412,نيوترون,https://ar.wikipedia.org/wiki?curid=4412,,,,,2
4419,اللغة الأمهرية,https://ar.wikipedia.org/wiki?curid=4419,,,,,8
4437,اللغة الألبانية,https://ar.wikipedia.org/wiki?curid=4437,,,,,22
4444,أوروبا,https://ar.wikipedia.org/wiki?curid=4444,,,,,2
4458,جنو,https://ar.wikipedia.org/wiki?curid=4458,,,,,13
4465,جهاز إدخال,https://ar.wikipedia.org/wiki?curid=4465,,,,,1
4468,19 أكتوبر,https://ar.wikipedia.org/wiki?curid=4468,,,,,2
4473,بيانات,https://ar.wikipedia.org/wiki?curid=4473,,,,,8
4477,فيروس حاسوب,https://ar.wikipedia.org/wiki?curid=4477,,,,,26
4478,دودة حاسوب,https://ar.wikipedia.org/wiki?curid=4478,,,,,12
4482,حصان طروادة (حاسوب),https://ar.wikipedia.org/wiki?curid=4482,,,,,9
4488,انتهاك الخصوصية,https://ar.wikipedia.org/wiki?curid=4488,,,,,3
4489,برمجية إعلانات,https://ar.wikipedia.org/wiki?curid=4489,,,,,7
4491,راصد لوحة مفاتيح,https://ar.wikipedia.org/wiki?curid=4491,,,,,12
4492,علم النفس,https://ar.wikipedia.org/wiki?curid=4492,,,,,1
4499,لغة آينوية,https://ar.wikipedia.org/wiki?curid=4499,,,,,3
4505,أوبن أوفيس.أورج,https://ar.wikipedia.org/wiki?curid=4505,,,,,5
4506,صيغة التحويل الموحد-8,https://ar.wikipedia.org/wiki?curid=4506,,,,,17
4507,روب بايك,https://ar.wikipedia.org/wiki?curid=4507,,,,,5
4509,كين تومسن,https://ar.wikipedia.org/wiki?curid=4509,,,,,12
4510,جدار حماية (حوسبة),https://ar.wikipedia.org/wiki?curid=4510,,,,,4
4511,كي أوفيس,https://ar.wikipedia.org/wiki?curid=4511,,,,,5
4512,مايكروسوفت ويندوز,https://ar.wikipedia.org/wiki?curid=4512,,,,,36
4514,ذاكرة حاسوب,https://ar.wikipedia.org/wiki?curid=4514,,,,,14
4515,ذاكرة الوصول العشوائي,https://ar.wikipedia.org/wiki?curid=4515,,,,,4
4518,بت,https://ar.wikipedia.org/wiki?curid=4518,,,,,11
4519,زيتابايت,https://ar.wikipedia.org/wiki?curid=4519,,,,,1
4520,إكسابايت,https://ar.wikipedia.org/wiki?curid=4520,,,,,1
4521,دستور,https://ar.wikipedia.org/wiki?curid=4521,,,,,32
4523,لغات نوبية,https://ar.wikipedia.org/wiki?curid=4523,,,,,3
3946,الحرب الباردة,https://ar.wikipedia.org/wiki?curid=3946,,,,,54
3947,ذكاء اصطناعي,https://ar.wikipedia.org/wiki?curid=3947,,,,,5
3949,4 سبتمبر,https://ar.wikipedia.org/wiki?curid=3949,,,,,2
3951,بدو,https://ar.wikipedia.org/wiki?curid=3951,,,,,50
3955,الخلفاء الراشدون,https://ar.wikipedia.org/wiki?curid=3955,,,,,8
3961,النشيد الوطني اللبناني,https://ar.wikipedia.org/wiki?curid=3961,,,,,13
3964,بلماح,https://ar.wikipedia.org/wiki?curid=3964,,,,,19
3965,دونم,https://ar.wikipedia.org/wiki?curid=3965,,,,,2
3976,أحمد سعدات,https://ar.wikipedia.org/wiki?curid=3976,,,,,10
3977,الجبهة الشعبية لتحرير فلسطين,https://ar.wikipedia.org/wiki?curid=3977,,,,,15
3984,كارلوس الثعلب,https://ar.wikipedia.org/wiki?curid=3984,,,,,6
3987,فنزويلا,https://ar.wikipedia.org/wiki?curid=3987,,,,,4
3992,7 سبتمبر,https://ar.wikipedia.org/wiki?curid=3992,,,,,2
5336,أبو العلاء المعري,https://ar.wikipedia.org/wiki?curid=5336,,,,,154
5338,27 نوفمبر,https://ar.wikipedia.org/wiki?curid=5338,,,,,2
5342,رافات (القدس),https://ar.wikipedia.org/wiki?curid=5342,,,,,8
5343,محمد إقبال,https://ar.wikipedia.org/wiki?curid=5343,,,,,3
5344,رادون,https://ar.wikipedia.org/wiki?curid=5344,,,,,9
5346,28 نوفمبر,https://ar.wikipedia.org/wiki?curid=5346,,,,,2
5347,راديوم,https://ar.wikipedia.org/wiki?curid=5347,,,,,20
5373,ماء ثقيل,https://ar.wikipedia.org/wiki?curid=5373,,,,,10
5386,آلة تورنغ,https://ar.wikipedia.org/wiki?curid=5386,,,,,9
5392,3 ديسمبر,https://ar.wikipedia.org/wiki?curid=5392,,,,,2
5395,نظرية التوحيد الكبير,https://ar.wikipedia.org/wiki?curid=5395,,,,,5
5397,درجة فعالية,https://ar.wikipedia.org/wiki?curid=5397,,,,,5
5407,2 ديسمبر,https://ar.wikipedia.org/wiki?curid=5407,,,,,2
5408,3 مارس,https://ar.wikipedia.org/wiki?curid=5408,,,,,2
5409,24 ديسمبر,https://ar.wikipedia.org/wiki?curid=5409,,,,,2
5414,صعيد مصر,https://ar.wikipedia.org/wiki?curid=5414,,,,,13
5416,الدولة المرداسية,https://ar.wikipedia.org/wiki?curid=5416,,,,,13
5417,الدولة العقيلية,https://ar.wikipedia.org/wiki?curid=5417,,,,,6
5419,كلب,https://ar.wikipedia.org/wiki?curid=5419,,,,,60
5431,7 ديسمبر,https://ar.wikipedia.org/wiki?curid=5431,,,,,2
5433,1981,https://ar.wikipedia.org/wiki?curid=5433,,,,,1
5441,الخليج العربي,https://ar.wikipedia.org/wiki?curid=5441,,,,,18
4651,حضارة,https://ar.wikipedia.org/wiki?curid=4651,,,,,9
4652,خديجة بنت خويلد,https://ar.wikipedia.org/wiki?curid=4652,,,,,9
4654,جبالية (قبيلة),https://ar.wikipedia.org/wiki?curid=4654,,,,,8
4661,خالد بن مهنا,https://ar.wikipedia.org/wiki?curid=4661,,,,,3
4663,إبراهيم بن محمد,https://ar.wikipedia.org/wiki?curid=4663,,,,,19
4664,بلاد الشام,https://ar.wikipedia.org/wiki?curid=4664,,,,,10
4665,أم كلثوم بنت محمد,https://ar.wikipedia.org/wiki?curid=4665,,,,,15
4671,زيد بن ثابت,https://ar.wikipedia.org/wiki?curid=4671,,,,,42
4673,وسطية (إسلام),https://ar.wikipedia.org/wiki?curid=4673,,,,,6
4674,زكاة,https://ar.wikipedia.org/wiki?curid=4674,,,,,5
4675,الصوم في الإسلام,https://ar.wikipedia.org/wiki?curid=4675,,,,,127
4677,إبراهيم,https://ar.wikipedia.org/wiki?curid=4677,,,,,13
4678,وحدة معالجة مركزية,https://ar.wikipedia.org/wiki?curid=4678,,,,,3
2916,الهند,https://ar.wikipedia.org/wiki?curid=2916,,,,,45
2924,بروميثيوس,https://ar.wikipedia.org/wiki?curid=2924,,,,,11
2925,شبكة شخصية,https://ar.wikipedia.org/wiki?curid=2925,,,,,9
2927,22 نوفمبر,https://ar.wikipedia.org/wiki?curid=2927,,,,,2
2928,شبكة واسعة,https://ar.wikipedia.org/wiki?curid=2928,,,,,8
2929,22 فبراير,https://ar.wikipedia.org/wiki?curid=2929,,,,,2
2930,14 ديسمبر,https://ar.wikipedia.org/wiki?curid=2930,,,,,2
2931,26 ديسمبر,https://ar.wikipedia.org/wiki?curid=2931,,,,,2
2932,14 يوليو,https://ar.wikipedia.org/wiki?curid=2932,,,,,2
2933,1 أكتوبر,https://ar.wikipedia.org/wiki?curid=2933,,,,,2
2935,قرص مرن,https://ar.wikipedia.org/wiki?curid=2935,,,,,20
2940,كارل ماركس,https://ar.wikipedia.org/wiki?curid=2940,,,,,18
2941,زيوس,https://ar.wikipedia.org/wiki?curid=2941,,,,,8
2945,أخيل,https://ar.wikipedia.org/wiki?curid=2945,,,,,23
2947,21 فبراير,https://ar.wikipedia.org/wiki?curid=2947,,,,,2
2948,اليونان,https://ar.wikipedia.org/wiki?curid=2948,,,,,15
2955,22 يوليو,https://ar.wikipedia.org/wiki?curid=2955,,,,,2
2956,26 أكتوبر,https://ar.wikipedia.org/wiki?curid=2956,,,,,2
2957,27 يوليو,https://ar.wikipedia.org/wiki?curid=2957,,,,,2
2958,13 أكتوبر,https://ar.wikipedia.org/wiki?curid=2958,,,,,2
2959,29 مارس,https://ar.wikipedia.org/wiki?curid=2959,,,,,2
2962,23 ديسمبر,https://ar.wikipedia.org/wiki?curid=2962,,,,,2
2964,طاوية,https://ar.wikipedia.org/wiki?curid=2964,,,,,4
2650,الدولة البويهية,https://ar.wikipedia.org/wiki?curid=2650,,,,,20
2651,الدولة الغزنوية,https://ar.wikipedia.org/wiki?curid=2651,,,,,6
1921,يوسف ستالين,https://ar.wikipedia.org/wiki?curid=1921,,,,,2
1925,أحمد بن ماجد,https://ar.wikipedia.org/wiki?curid=1925,,,,,3
1926,الفضيل الورتيلاني,https://ar.wikipedia.org/wiki?curid=1926,,,,,8
1927,مالك بن نبي,https://ar.wikipedia.org/wiki?curid=1927,,,,,6
1930,جيجل,https://ar.wikipedia.org/wiki?curid=1930,,,,,4
1934,اليابان,https://ar.wikipedia.org/wiki?curid=1934,,,,,3
1940,يوتابايت,https://ar.wikipedia.org/wiki?curid=1940,,,,,2
1942,لغات آلتائية,https://ar.wikipedia.org/wiki?curid=1942,,,,,27
1998,دولة سلاجقة الروم,https://ar.wikipedia.org/wiki?curid=1998,,,,,42
1999,آق قويونلو,https://ar.wikipedia.org/wiki?curid=1999,,,,,5
2004,كوريا الجنوبية,https://ar.wikipedia.org/wiki?curid=2004,,,,,3
2013,زيريون,https://ar.wikipedia.org/wiki?curid=2013,,,,,5
1539,المريخ,https://ar.wikipedia.org/wiki?curid=1539,,,,,5
1540,صهيونية,https://ar.wikipedia.org/wiki?curid=1540,,,,,13
1543,شيوعية,https://ar.wikipedia.org/wiki?curid=1543,,,,,37
1544,بجاية,https://ar.wikipedia.org/wiki?curid=1544,,,,,6
1555,اللغة الأكدية,https://ar.wikipedia.org/wiki?curid=1555,,,,,7
1562,أركان الإسلام,https://ar.wikipedia.org/wiki?curid=1562,,,,,7
1566,يونكس,https://ar.wikipedia.org/wiki?curid=1566,,,,,7
1569,إسرائيل,https://ar.wikipedia.org/wiki?curid=1569,,,,,1
2641,ضوء,https://ar.wikipedia.org/wiki?curid=2641,,,,,3
2642,رأس الرجاء الصالح,https://ar.wikipedia.org/wiki?curid=2642,,,,,6
2644,رستميون,https://ar.wikipedia.org/wiki?curid=2644,,,,,12
2645,حماديون,https://ar.wikipedia.org/wiki?curid=2645,,,,,1
2648,الأسرة العلوية,https://ar.wikipedia.org/wiki?curid=2648,,,,,3
2649,الدولة الحمدانية,https://ar.wikipedia.org/wiki?curid=2649,,,,,22
4552,بحيرة طبريا,https://ar.wikipedia.org/wiki?curid=4552,,,,,6
4561,قارة,https://ar.wikipedia.org/wiki?curid=4561,,,,,12
4568,جبال الأورال,https://ar.wikipedia.org/wiki?curid=4568,,,,,11
4574,طاهر الجمل,https://ar.wikipedia.org/wiki?curid=4574,,,,,9
4575,وأد البنات,https://ar.wikipedia.org/wiki?curid=4575,,,,,40
4578,جاهلية,https://ar.wikipedia.org/wiki?curid=4578,,,,,12
4598,القضية الفلسطينية,https://ar.wikipedia.org/wiki?curid=4598,,,,,3
4601,بوسيدون,https://ar.wikipedia.org/wiki?curid=4601,,,,,17
4603,عنتي,https://ar.wikipedia.org/wiki?curid=4603,,,,,5
4604,تينجا,https://ar.wikipedia.org/wiki?curid=4604,,,,,6
4610,صوفاكس,https://ar.wikipedia.org/wiki?curid=4610,,,,,9
4611,أثينا (أسطورة),https://ar.wikipedia.org/wiki?curid=4611,,,,,7
4613,أيزو 3166,https://ar.wikipedia.org/wiki?curid=4613,,,,,7
4614,مضيق هرمز,https://ar.wikipedia.org/wiki?curid=4614,,,,,15
4615,جانجنيهيسو,https://ar.wikipedia.org/wiki?curid=4615,,,,,5
4618,القيادة الوطنية الموحدة,https://ar.wikipedia.org/wiki?curid=4618,,,,,34
4619,الانتفاضة الفلسطينية الأولى,https://ar.wikipedia.org/wiki?curid=4619,,,,,184
4620,انكسار (فيزياء),https://ar.wikipedia.org/wiki?curid=4620,,,,,15
4621,هرتز,https://ar.wikipedia.org/wiki?curid=4621,,,,,3
4622,نظام الوحدات الدولي,https://ar.wikipedia.org/wiki?curid=4622,,,,,2
4626,النشيد الوطني العراقي,https://ar.wikipedia.org/wiki?curid=4626,,,,,13
4628,نسيبة بنت كعب,https://ar.wikipedia.org/wiki?curid=4628,,,,,21
4648,نواكشوط,https://ar.wikipedia.org/wiki?curid=4648,,,,,24
4650,النسبية الخاصة,https://ar.wikipedia.org/wiki?curid=4650,,,,,1
2965,موشيه ديان,https://ar.wikipedia.org/wiki?curid=2965,,,,,4
2968,عز الدين سليم,https://ar.wikipedia.org/wiki?curid=2968,,,,,1
2969,كونفوشية,https://ar.wikipedia.org/wiki?curid=2969,,,,,3
2973,أدب,https://ar.wikipedia.org/wiki?curid=2973,,,,,5
2974,نثر عربي,https://ar.wikipedia.org/wiki?curid=2974,,,,,2
2975,شعر عربي,https://ar.wikipedia.org/wiki?curid=2975,,,,,2
2983,مالكوم إكس,https://ar.wikipedia.org/wiki?curid=2983,,,,,105
2987,حساب التفاضل,https://ar.wikipedia.org/wiki?curid=2987,,,,,3
2990,23 فبراير,https://ar.wikipedia.org/wiki?curid=2990,,,,,2
2991,9 أكتوبر,https://ar.wikipedia.org/wiki?curid=2991,,,,,2
2993,10 مارس,https://ar.wikipedia.org/wiki?curid=2993,,,,,2
2995,كردستان,https://ar.wikipedia.org/wiki?curid=2995,,,,,15
3003,منطق ضبابي,https://ar.wikipedia.org/wiki?curid=3003,,,,,16
3006,البايات الحسينيون,https://ar.wikipedia.org/wiki?curid=3006,,,,,3
3007,الدولة الإخشيدية,https://ar.wikipedia.org/wiki?curid=3007,,,,,17
5456,سرت,https://ar.wikipedia.org/wiki?curid=5456,,,,,23
5457,النهر الصناعي العظيم,https://ar.wikipedia.org/wiki?curid=5457,,,,,8
5465,إرهاب,https://ar.wikipedia.org/wiki?curid=5465,,,,,30
5471,فلم قصير,https://ar.wikipedia.org/wiki?curid=5471,,,,,8
5472,فعل,https://ar.wikipedia.org/wiki?curid=5472,,,,,22
5475,لجنة ثورية,https://ar.wikipedia.org/wiki?curid=5475,,,,,5
5483,مبرهنة فيثاغورس,https://ar.wikipedia.org/wiki?curid=5483,,,,,7
5488,الإسلام,https://ar.wikipedia.org/wiki?curid=5488,,,,,41
5489,مؤتمر شعبي أساسي,https://ar.wikipedia.org/wiki?curid=5489,,,,,7
5492,صحيح البخاري,https://ar.wikipedia.org/wiki?curid=5492,,,,,35
5498,12 ديسمبر,https://ar.wikipedia.org/wiki?curid=5498,,,,,2
5503,عرعر (مدينة),https://ar.wikipedia.org/wiki?curid=5503,,,,,14
5509,13 ديسمبر,https://ar.wikipedia.org/wiki?curid=5509,,,,,2
5550,قبيلة,https://ar.wikipedia.org/wiki?curid=5550,,,,,5
5553,بوفل رامل,https://ar.wikipedia.org/wiki?curid=5553,,,,,2
5560,ورقلة,https://ar.wikipedia.org/wiki?curid=5560,,,,,2
5561,معسكر (مدينة),https://ar.wikipedia.org/wiki?curid=5561,,,,,18
5562,ساحل العاج,https://ar.wikipedia.org/wiki?curid=5562,,,,,18
5567,15 ديسمبر,https://ar.wikipedia.org/wiki?curid=5567,,,,,2
5568,17 ديسمبر,https://ar.wikipedia.org/wiki?curid=5568,,,,,2
5569,لوران غباغبو,https://ar.wikipedia.org/wiki?curid=5569,,,,,18
5571,4 ديسمبر,https://ar.wikipedia.org/wiki?curid=5571,,,,,2
5572,5 ديسمبر,https://ar.wikipedia.org/wiki?curid=5572,,,,,2
3993,28 مارس,https://ar.wikipedia.org/wiki?curid=3993,,,,,2
3995,حزب الله,https://ar.wikipedia.org/wiki?curid=3995,,,,,25
3998,8 سبتمبر,https://ar.wikipedia.org/wiki?curid=3998,,,,,2
4001,سان فرانسيسكو,https://ar.wikipedia.org/wiki?curid=4001,,,,,2
4005,23 أكتوبر,https://ar.wikipedia.org/wiki?curid=4005,,,,,2
4006,قط,https://ar.wikipedia.org/wiki?curid=4006,,,,,32
4011,3 أغسطس,https://ar.wikipedia.org/wiki?curid=4011,,,,,2
4012,10 سبتمبر,https://ar.wikipedia.org/wiki?curid=4012,,,,,2
4018,12 سبتمبر,https://ar.wikipedia.org/wiki?curid=4018,,,,,2
4022,الانفجار العظيم,https://ar.wikipedia.org/wiki?curid=4022,,,,,57
4025,الشهادتان,https://ar.wikipedia.org/wiki?curid=4025,,,,,32
4028,14 سبتمبر,https://ar.wikipedia.org/wiki?curid=4028,,,,,2
4031,براغماتية,https://ar.wikipedia.org/wiki?curid=4031,,,,,14
4034,16 سبتمبر,https://ar.wikipedia.org/wiki?curid=4034,,,,,2
4036,مثلية جنسية,https://ar.wikipedia.org/wiki?curid=4036,,,,,27
3019,الدولة الإلخانية,https://ar.wikipedia.org/wiki?curid=3019,,,,,12
3020,الدولة الجلائرية,https://ar.wikipedia.org/wiki?curid=3020,,,,,5
3022,قره قويونلو,https://ar.wikipedia.org/wiki?curid=3022,,,,,4
3023,الدولة الصفوية,https://ar.wikipedia.org/wiki?curid=3023,,,,,10
3024,الطاهريون,https://ar.wikipedia.org/wiki?curid=3024,,,,,12
3025,الدولة الصفارية,https://ar.wikipedia.org/wiki?curid=3025,,,,,1
3026,الدولة الزيارية,https://ar.wikipedia.org/wiki?curid=3026,,,,,26
3031,تشن شوي بيان,https://ar.wikipedia.org/wiki?curid=3031,,,,,20
3033,طيارة ورق,https://ar.wikipedia.org/wiki?curid=3033,,,,,7
3044,11 ديسمبر,https://ar.wikipedia.org/wiki?curid=3044,,,,,2
3257,حسن البنا,https://ar.wikipedia.org/wiki?curid=3257,,,,,7
3261,إياد علاوي,https://ar.wikipedia.org/wiki?curid=3261,,,,,1
3263,مرض فيروس إيبولا,https://ar.wikipedia.org/wiki?curid=3263,,,,,29
4324,بيتر إليتش تشايكوفسكي,https://ar.wikipedia.org/wiki?curid=4324,,,,,12
4329,فولفغانغ أماديوس موزارت,https://ar.wikipedia.org/wiki?curid=4329,,,,,8
4333,27 أكتوبر,https://ar.wikipedia.org/wiki?curid=4333,,,,,2
4334,10 أكتوبر,https://ar.wikipedia.org/wiki?curid=4334,,,,,2
4337,ريال (توضيح),https://ar.wikipedia.org/wiki?curid=4337,,,,,1
4338,محمود سامي البارودي,https://ar.wikipedia.org/wiki?curid=4338,,,,,6
4348,دلفي (لغة برمجة),https://ar.wikipedia.org/wiki?curid=4348,,,,,8
4353,11 أكتوبر,https://ar.wikipedia.org/wiki?curid=4353,,,,,2
4355,دبلوماسية,https://ar.wikipedia.org/wiki?curid=4355,,,,,10
4356,سامريون,https://ar.wikipedia.org/wiki?curid=4356,,,,,50
4364,كتلة,https://ar.wikipedia.org/wiki?curid=4364,,,,,14
4368,ابن باز,https://ar.wikipedia.org/wiki?curid=4368,,,,,17
4378,حيروت,https://ar.wikipedia.org/wiki?curid=4378,,,,,1
4381,مجموعة (رياضيات),https://ar.wikipedia.org/wiki?curid=4381,,,,,14
4383,مستشار ألمانيا,https://ar.wikipedia.org/wiki?curid=4383,,,,,6
4386,18 أكتوبر,https://ar.wikipedia.org/wiki?curid=4386,,,,,2
4389,إشعاع نووي,https://ar.wikipedia.org/wiki?curid=4389,,,,,22
4390,نظير (كيمياء),https://ar.wikipedia.org/wiki?curid=4390,,,,,10
4391,آسيا,https://ar.wikipedia.org/wiki?curid=4391,,,,,12
4393,حافظ إبراهيم,https://ar.wikipedia.org/wiki?curid=4393,,,,,1
4397,دارفور,https://ar.wikipedia.org/wiki?curid=4397,,,,,42
4399,كلفن,https://ar.wikipedia.org/wiki?curid=4399,,,,,2
4401,هيليوم,https://ar.wikipedia.org/wiki?curid=4401,,,,,22
4410,تفاعل كيميائي,https://ar.wikipedia.org/wiki?curid=4410,,,,,13
5104,يهود,https://ar.wikipedia.org/wiki?curid=5104,,,,,17
5114,القاسم (توضيح),https://ar.wikipedia.org/wiki?curid=5114,,,,,1
5115,رقية (توضيح),https://ar.wikipedia.org/wiki?curid=5115,,,,,1
5118,نسيبة,https://ar.wikipedia.org/wiki?curid=5118,,,,,3
5126,نصير شمة,https://ar.wikipedia.org/wiki?curid=5126,,,,,19
5127,الرياض,https://ar.wikipedia.org/wiki?curid=5127,,,,,24
5129,كلوني,https://ar.wikipedia.org/wiki?curid=5129,,,,,2
5131,يوم الغفران,https://ar.wikipedia.org/wiki?curid=5131,,,,,3
5134,سلاجقة العراق,https://ar.wikipedia.org/wiki?curid=5134,,,,,3
5135,نشيد عمان الوطني,https://ar.wikipedia.org/wiki?curid=5135,,,,,2
5144,إسلي,https://ar.wikipedia.org/wiki?curid=5144,,,,,5
5145,تيسليت,https://ar.wikipedia.org/wiki?curid=5145,,,,,18
5148,تساو تساو,https://ar.wikipedia.org/wiki?curid=5148,,,,,6
5152,هرقل (إله),https://ar.wikipedia.org/wiki?curid=5152,,,,,9
5153,تريتون (أساطير),https://ar.wikipedia.org/wiki?curid=5153,,,,,6
5154,أطلس (أسطورة),https://ar.wikipedia.org/wiki?curid=5154,,,,,3
5155,بعل آمون,https://ar.wikipedia.org/wiki?curid=5155,,,,,1
5157,زيوس آمون,https://ar.wikipedia.org/wiki?curid=5157,,,,,17
5158,لاميا,https://ar.wikipedia.org/wiki?curid=5158,,,,,11
5161,شعبية,https://ar.wikipedia.org/wiki?curid=5161,,,,,5
5176,يارباس,https://ar.wikipedia.org/wiki?curid=5176,,,,,5
5182,عملة,https://ar.wikipedia.org/wiki?curid=5182,,,,,5
5183,نيث,https://ar.wikipedia.org/wiki?curid=5183,,,,,2
5186,ناجي العلي,https://ar.wikipedia.org/wiki?curid=5186,,,,,5
5193,بربر (مدينة),https://ar.wikipedia.org/wiki?curid=5193,,,,,6
5198,إدوارد سعيد,https://ar.wikipedia.org/wiki?curid=5198,,,,,1
5199,عبرانيون,https://ar.wikipedia.org/wiki?curid=5199,,,,,14
3589,مريم العذراء,https://ar.wikipedia.org/wiki?curid=3589,,,,,3
3590,عنصر كيميائي,https://ar.wikipedia.org/wiki?curid=3590,,,,,5
3593,29 يوليو,https://ar.wikipedia.org/wiki?curid=3593,,,,,2
3595,شافعية,https://ar.wikipedia.org/wiki?curid=3595,,,,,9
3598,فيرفكس,https://ar.wikipedia.org/wiki?curid=3598,,,,,20
3600,كيمياء فيزيائية,https://ar.wikipedia.org/wiki?curid=3600,,,,,2
3601,ذرة,https://ar.wikipedia.org/wiki?curid=3601,,,,,3
3603,31 يوليو,https://ar.wikipedia.org/wiki?curid=3603,,,,,2
3604,أرسطو,https://ar.wikipedia.org/wiki?curid=3604,,,,,1
3609,الجدول الدوري,https://ar.wikipedia.org/wiki?curid=3609,,,,,12
3610,حديد,https://ar.wikipedia.org/wiki?curid=3610,,,,,18
3615,1 أغسطس,https://ar.wikipedia.org/wiki?curid=3615,,,,,2
3619,الجدار الإسرائيلي في الضفة الغربية,https://ar.wikipedia.org/wiki?curid=3619,,,,,21
3562,نهر الأردن,https://ar.wikipedia.org/wiki?curid=3562,,,,,27
3564,مكة,https://ar.wikipedia.org/wiki?curid=3564,,,,,65
3565,إنجيل,https://ar.wikipedia.org/wiki?curid=3565,,,,,15
3567,حواء,https://ar.wikipedia.org/wiki?curid=3567,,,,,14
3569,أحمد شوقي,https://ar.wikipedia.org/wiki?curid=3569,,,,,7
3572,القدس,https://ar.wikipedia.org/wiki?curid=3572,,,,,9
3573,ابن رشد,https://ar.wikipedia.org/wiki?curid=3573,,,,,6
3576,موزيلا,https://ar.wikipedia.org/wiki?curid=3576,,,,,10
3586,بيت لحم,https://ar.wikipedia.org/wiki?curid=3586,,,,,32
3587,الضفة الغربية,https://ar.wikipedia.org/wiki?curid=3587,,,,,10
6662,غزوات الرسول محمد,https://ar.wikipedia.org/wiki?curid=6662,,,,,7
6676,ليوناردو دا فينشي,https://ar.wikipedia.org/wiki?curid=6676,,,,,8
6682,عبد الرحمن بن ملجم,https://ar.wikipedia.org/wiki?curid=6682,,,,,1
6730,خط بارليف,https://ar.wikipedia.org/wiki?curid=6730,,,,,15
6741,بليز باسكال,https://ar.wikipedia.org/wiki?curid=6741,,,,,42
6826,العشاء الأخير (لوحة),https://ar.wikipedia.org/wiki?curid=6826,,,,,12
6832,الحسن بن علي,https://ar.wikipedia.org/wiki?curid=6832,,,,,77
6833,الحسين بن علي,https://ar.wikipedia.org/wiki?curid=6833,,,,,1
6856,الاضطراب المدني في بيليز 2005,https://ar.wikipedia.org/wiki?curid=6856,,,,,26
6863,حقوق الإنسان,https://ar.wikipedia.org/wiki?curid=6863,,,,,13
6866,جغرافيا طبيعية,https://ar.wikipedia.org/wiki?curid=6866,,,,,16
6880,بورون,https://ar.wikipedia.org/wiki?curid=6880,,,,,4
6881,بلاتين,https://ar.wikipedia.org/wiki?curid=6881,,,,,1
6885,فكتور يوشتشينكو,https://ar.wikipedia.org/wiki?curid=6885,,,,,3
6471,محمد متولي الشعراوي,https://ar.wikipedia.org/wiki?curid=6471,,,,,11
6477,عين الدفلى,https://ar.wikipedia.org/wiki?curid=6477,,,,,9
6483,درجة حرارة مئوية,https://ar.wikipedia.org/wiki?curid=6483,,,,,4
6488,كرة السلة,https://ar.wikipedia.org/wiki?curid=6488,,,,,4
6493,وليم شكسبير,https://ar.wikipedia.org/wiki?curid=6493,,,,,38
6516,الكرك,https://ar.wikipedia.org/wiki?curid=6516,,,,,10
6534,النسبية العامة,https://ar.wikipedia.org/wiki?curid=6534,,,,,3
6560,منطقة القبائل,https://ar.wikipedia.org/wiki?curid=6560,,,,,8
6561,بوش (توضيح),https://ar.wikipedia.org/wiki?curid=6561,,,,,1
6562,زلزال,https://ar.wikipedia.org/wiki?curid=6562,,,,,5
3889,الدنمارك,https://ar.wikipedia.org/wiki?curid=3889,,,,,5
3890,لوكسمبورغ,https://ar.wikipedia.org/wiki?curid=3890,,,,,1
3891,سويسرا,https://ar.wikipedia.org/wiki?curid=3891,,,,,2
3863,أوكرانيا,https://ar.wikipedia.org/wiki?curid=3863,,,,,5
3864,أنغولا,https://ar.wikipedia.org/wiki?curid=3864,,,,,2
3865,أوغندا,https://ar.wikipedia.org/wiki?curid=3865,,,,,4
3867,إثيوبيا,https://ar.wikipedia.org/wiki?curid=3867,,,,,3
3868,بلجيكا,https://ar.wikipedia.org/wiki?curid=3868,,,,,6
3869,بيلاروس,https://ar.wikipedia.org/wiki?curid=3869,,,,,5
6619,قصي صدام حسين,https://ar.wikipedia.org/wiki?curid=6619,,,,,3
6620,جاك شيراك,https://ar.wikipedia.org/wiki?curid=6620,,,,,43
6622,هاتف,https://ar.wikipedia.org/wiki?curid=6622,,,,,45
6624,المكسيك,https://ar.wikipedia.org/wiki?curid=6624,,,,,10
6625,كندا,https://ar.wikipedia.org/wiki?curid=6625,,,,,26
6627,ميثان,https://ar.wikipedia.org/wiki?curid=6627,,,,,11
6628,غسان كنفاني,https://ar.wikipedia.org/wiki?curid=6628,,,,,2
6629,كوفي عنان,https://ar.wikipedia.org/wiki?curid=6629,,,,,33
6630,الكاميرون,https://ar.wikipedia.org/wiki?curid=6630,,,,,21
1432,سيلدينافيل,https://ar.wikipedia.org/wiki?curid=1432,,,,,5
1433,فايزر,https://ar.wikipedia.org/wiki?curid=1433,,,,,3
1436,تكريت,https://ar.wikipedia.org/wiki?curid=1436,,,,,6
1438,بغداد,https://ar.wikipedia.org/wiki?curid=1438,,,,,38
1442,المعلقات,https://ar.wikipedia.org/wiki?curid=1442,,,,,12
1443,نجيب محفوظ,https://ar.wikipedia.org/wiki?curid=1443,,,,,64
1446,جدار برلين,https://ar.wikipedia.org/wiki?curid=1446,,,,,5
1452,عام الفيل,https://ar.wikipedia.org/wiki?curid=1452,,,,,31
1456,النظام الأساسي للإدخال والإخراج,https://ar.wikipedia.org/wiki?curid=1456,,,,,8
1458,يوسف شاهين,https://ar.wikipedia.org/wiki?curid=1458,,,,,18
1459,تطرف,https://ar.wikipedia.org/wiki?curid=1459,,,,,15
1461,عيسى بن مريم,https://ar.wikipedia.org/wiki?curid=1461,,,,,16
1464,سياحة,https://ar.wikipedia.org/wiki?curid=1464,,,,,7
2470,عثمان بن عفان,https://ar.wikipedia.org/wiki?curid=2470,,,,,7
2471,تقويم هجري,https://ar.wikipedia.org/wiki?curid=2471,,,,,6
2475,25 يونيو,https://ar.wikipedia.org/wiki?curid=2475,,,,,2
2476,26 يونيو,https://ar.wikipedia.org/wiki?curid=2476,,,,,2
2477,27 يونيو,https://ar.wikipedia.org/wiki?curid=2477,,,,,2
2478,داي الجزائر,https://ar.wikipedia.org/wiki?curid=2478,,,,,1
2479,28 يونيو,https://ar.wikipedia.org/wiki?curid=2479,,,,,2
2480,أغوات الجزائر,https://ar.wikipedia.org/wiki?curid=2480,,,,,2
2485,رحبعام زئيفي,https://ar.wikipedia.org/wiki?curid=2485,,,,,4
2486,السلطة الوطنية الفلسطينية,https://ar.wikipedia.org/wiki?curid=2486,,,,,4
2488,تقويم,https://ar.wikipedia.org/wiki?curid=2488,,,,,4
2489,اللغة المؤابية,https://ar.wikipedia.org/wiki?curid=2489,,,,,7
2493,علم العراق,https://ar.wikipedia.org/wiki?curid=2493,,,,,16
2501,سطيف,https://ar.wikipedia.org/wiki?curid=2501,,,,,1
2502,11 مارس,https://ar.wikipedia.org/wiki?curid=2502,,,,,2
2503,29 يونيو,https://ar.wikipedia.org/wiki?curid=2503,,,,,2
2248,عبد العزيز آل سعود,https://ar.wikipedia.org/wiki?curid=2248,,,,,162
2251,توزيعة لينكس,https://ar.wikipedia.org/wiki?curid=2251,,,,,9
2255,عبد العزيز الرنتيسي,https://ar.wikipedia.org/wiki?curid=2255,,,,,84
2257,غزة,https://ar.wikipedia.org/wiki?curid=2257,,,,,38
2260,الله في الإسلام,https://ar.wikipedia.org/wiki?curid=2260,,,,,15
2261,جبريل,https://ar.wikipedia.org/wiki?curid=2261,,,,,8
2264,طبخ,https://ar.wikipedia.org/wiki?curid=2264,,,,,17
2266,17 أبريل,https://ar.wikipedia.org/wiki?curid=2266,,,,,2
2588,ستيف جوبز,https://ar.wikipedia.org/wiki?curid=2588,,,,,12
2590,24 فبراير,https://ar.wikipedia.org/wiki?curid=2590,,,,,2
2607,أوهايو,https://ar.wikipedia.org/wiki?curid=2607,,,,,44
2609,ميشيغان,https://ar.wikipedia.org/wiki?curid=2609,,,,,23
2611,كيلومتر,https://ar.wikipedia.org/wiki?curid=2611,,,,,8
2612,كفر عقب,https://ar.wikipedia.org/wiki?curid=2612,,,,,20
2615,سي إن إن,https://ar.wikipedia.org/wiki?curid=2615,,,,,18
2616,عمر المختار,https://ar.wikipedia.org/wiki?curid=2616,,,,,143
2618,عثمان (اسم),https://ar.wikipedia.org/wiki?curid=2618,,,,,3
2619,كريستوفر كولومبوس,https://ar.wikipedia.org/wiki?curid=2619,,,,,1
2622,كيلومتر مربع,https://ar.wikipedia.org/wiki?curid=2622,,,,,9
2626,جنين (مدينة),https://ar.wikipedia.org/wiki?curid=2626,,,,,28
1382,أفغانستان,https://ar.wikipedia.org/wiki?curid=1382,,,,,34
1389,بيل غيتس,https://ar.wikipedia.org/wiki?curid=1389,,,,,4
1390,أوزبكستان,https://ar.wikipedia.org/wiki?curid=1390,,,,,12
1414,بي بي سي,https://ar.wikipedia.org/wiki?curid=1414,,,,,12
7,ماء,https://ar.wikipedia.org/wiki?curid=7,,,,,17
38,رياضيات,https://ar.wikipedia.org/wiki?curid=38,,,,,12
62,إستونيا,https://ar.wikipedia.org/wiki?curid=62,,,,,19
76,تلفزة,https://ar.wikipedia.org/wiki?curid=76,,,,,4
77,A,https://ar.wikipedia.org/wiki?curid=77,,,,,10
79,F,https://ar.wikipedia.org/wiki?curid=79,,,,,7
80,K,https://ar.wikipedia.org/wiki?curid=80,,,,,2
90,عنكبوت,https://ar.wikipedia.org/wiki?curid=90,,,,,10
1181,قرطاج,https://ar.wikipedia.org/wiki?curid=1181,,,,,19
1185,السنافر,https://ar.wikipedia.org/wiki?curid=1185,,,,,3
1201,شعر (أدب),https://ar.wikipedia.org/wiki?curid=1201,,,,,12
1203,تصنيف مكتبة الكونغرس,https://ar.wikipedia.org/wiki?curid=1203,,,,,11
1208,مارشال (تكساس),https://ar.wikipedia.org/wiki?curid=1208,,,,,1
6632,بركان,https://ar.wikipedia.org/wiki?curid=6632,,,,,29
6633,بروتون,https://ar.wikipedia.org/wiki?curid=6633,,,,,3
6634,إلكترون,https://ar.wikipedia.org/wiki?curid=6634,,,,,7
6636,الأرجنتين,https://ar.wikipedia.org/wiki?curid=6636,,,,,9
6637,تشي جيفارا,https://ar.wikipedia.org/wiki?curid=6637,,,,,11
6638,نبراسكا,https://ar.wikipedia.org/wiki?curid=6638,,,,,11
6644,كاشف الكذب,https://ar.wikipedia.org/wiki?curid=6644,,,,,7
6645,حيوان,https://ar.wikipedia.org/wiki?curid=6645,,,,,18
6647,سنة ضوئية,https://ar.wikipedia.org/wiki?curid=6647,,,,,3
6654,صلاح جاهين,https://ar.wikipedia.org/wiki?curid=6654,,,,,20
3871,بلغاريا,https://ar.wikipedia.org/wiki?curid=3871,,,,,24
3873,كرواتيا,https://ar.wikipedia.org/wiki?curid=3873,,,,,49
3874,قبرص,https://ar.wikipedia.org/wiki?curid=3874,,,,,18
3877,آيسلندا,https://ar.wikipedia.org/wiki?curid=3877,,,,,34
3879,لاتفيا,https://ar.wikipedia.org/wiki?curid=3879,,,,,24
3880,مقدونيا الشمالية,https://ar.wikipedia.org/wiki?curid=3880,,,,,14
3881,يوغسلافيا,https://ar.wikipedia.org/wiki?curid=3881,,,,,22
3882,سلوفينيا,https://ar.wikipedia.org/wiki?curid=3882,,,,,4
3883,رومانيا,https://ar.wikipedia.org/wiki?curid=3883,,,,,6
3886,بولندا,https://ar.wikipedia.org/wiki?curid=3886,,,,,3
3887,ليتوانيا,https://ar.wikipedia.org/wiki?curid=3887,,,,,8
6280,فرس,https://ar.wikipedia.org/wiki?curid=6280,,,,,10
6288,أمين عام جامعة الدول العربية,https://ar.wikipedia.org/wiki?curid=6288,,,,,3
6297,صلب يسوع,https://ar.wikipedia.org/wiki?curid=6297,,,,,26
6308,السويد,https://ar.wikipedia.org/wiki?curid=6308,,,,,14
6346,آي بي إم,https://ar.wikipedia.org/wiki?curid=6346,,,,,18
6372,درنة,https://ar.wikipedia.org/wiki?curid=6372,,,,,9
6382,تالين,https://ar.wikipedia.org/wiki?curid=6382,,,,,7
6393,فورار,https://ar.wikipedia.org/wiki?curid=6393,,,,,3
6398,30 نوفمبر,https://ar.wikipedia.org/wiki?curid=6398,,,,,2
6449,تيتان (قمر),https://ar.wikipedia.org/wiki?curid=6449,,,,,20
6452,بيتابايت,https://ar.wikipedia.org/wiki?curid=6452,,,,,3
6459,بعل,https://ar.wikipedia.org/wiki?curid=6459,,,,,1
6464,هشام شرابي,https://ar.wikipedia.org/wiki?curid=6464,,,,,11
6466,يناير (رأس السنة الأمازيغية),https://ar.wikipedia.org/wiki?curid=6466,,,,,7
3495,إنترنت,https://ar.wikipedia.org/wiki?curid=3495,,,,,15
3498,وسائط متعددة,https://ar.wikipedia.org/wiki?curid=3498,,,,,4
3499,تطبيقات تفاعلية,https://ar.wikipedia.org/wiki?curid=3499,,,,,1
3500,وسائط متدفقة,https://ar.wikipedia.org/wiki?curid=3500,,,,,46
3501,إم بي إي جي - 4,https://ar.wikipedia.org/wiki?curid=3501,,,,,2
3503,رسوميات حاسوبية,https://ar.wikipedia.org/wiki?curid=3503,,,,,9
3511,10 يوليو,https://ar.wikipedia.org/wiki?curid=3511,,,,,2
3512,9 يوليو,https://ar.wikipedia.org/wiki?curid=3512,,,,,2
3513,11 يوليو,https://ar.wikipedia.org/wiki?curid=3513,,,,,2
3519,13 يوليو,https://ar.wikipedia.org/wiki?curid=3519,,,,,2
3520,12 يوليو,https://ar.wikipedia.org/wiki?curid=3520,,,,,2
3522,17 يوليو,https://ar.wikipedia.org/wiki?curid=3522,,,,,2
3525,23 نوفمبر,https://ar.wikipedia.org/wiki?curid=3525,,,,,2
3526,30 أكتوبر,https://ar.wikipedia.org/wiki?curid=3526,,,,,2
3528,15 يوليو,https://ar.wikipedia.org/wiki?curid=3528,,,,,2
3532,16 يوليو,https://ar.wikipedia.org/wiki?curid=3532,,,,,2
3535,19 يوليو,https://ar.wikipedia.org/wiki?curid=3535,,,,,2
3536,فلسفة,https://ar.wikipedia.org/wiki?curid=3536,,,,,2
3543,15 نوفمبر,https://ar.wikipedia.org/wiki?curid=3543,,,,,2
3544,آل رشيد,https://ar.wikipedia.org/wiki?curid=3544,,,,,10
3545,20 يوليو,https://ar.wikipedia.org/wiki?curid=3545,,,,,2
3548,حلب,https://ar.wikipedia.org/wiki?curid=3548,,,,,5
3551,21 يوليو,https://ar.wikipedia.org/wiki?curid=3551,,,,,2
3553,تكامل,https://ar.wikipedia.org/wiki?curid=3553,,,,,7
3554,زاوية (هندسة),https://ar.wikipedia.org/wiki?curid=3554,,,,,7
3557,23 يوليو,https://ar.wikipedia.org/wiki?curid=3557,,,,,2
3558,13 سبتمبر,https://ar.wikipedia.org/wiki?curid=3558,,,,,2
3559,مثلث قائم الزاوية,https://ar.wikipedia.org/wiki?curid=3559,,,,,7
3560,ثقب أسود,https://ar.wikipedia.org/wiki?curid=3560,,,,,2
3561,دجلة,https://ar.wikipedia.org/wiki?curid=3561,,,,,26
6888,علم,https://ar.wikipedia.org/wiki?curid=6888,,,,,25
6889,عنابة,https://ar.wikipedia.org/wiki?curid=6889,,,,,2
6890,مستغانم,https://ar.wikipedia.org/wiki?curid=6890,,,,,11
6891,تيبازة,https://ar.wikipedia.org/wiki?curid=6891,,,,,47
6892,شرشال,https://ar.wikipedia.org/wiki?curid=6892,,,,,2
6893,قائمة المدن المغاربية الفينيقية,https://ar.wikipedia.org/wiki?curid=6893,,,,,6
6895,مالقة,https://ar.wikipedia.org/wiki?curid=6895,,,,,2
6896,عين تموشنت,https://ar.wikipedia.org/wiki?curid=6896,,,,,12
6904,شبكة متباعدة,https://ar.wikipedia.org/wiki?curid=6904,,,,,4
6910,الجماعة الأحمدية,https://ar.wikipedia.org/wiki?curid=6910,,,,,4
6911,السيخية,https://ar.wikipedia.org/wiki?curid=6911,,,,,6
6913,نوستراداموس,https://ar.wikipedia.org/wiki?curid=6913,,,,,8
6914,محافظة إدلب,https://ar.wikipedia.org/wiki?curid=6914,,,,,15
3622,زئبق,https://ar.wikipedia.org/wiki?curid=3622,,,,,11
3623,هيدروجين,https://ar.wikipedia.org/wiki?curid=3623,,,,,64
3626,نظرية النسبية,https://ar.wikipedia.org/wiki?curid=3626,,,,,29
3628,4 أغسطس,https://ar.wikipedia.org/wiki?curid=3628,,,,,2
3630,شكيم,https://ar.wikipedia.org/wiki?curid=3630,,,,,2
3633,6 أغسطس,https://ar.wikipedia.org/wiki?curid=3633,,,,,2
3634,5 أغسطس,https://ar.wikipedia.org/wiki?curid=3634,,,,,2
3639,نظام عد,https://ar.wikipedia.org/wiki?curid=3639,,,,,15
3640,أرقام رومانية,https://ar.wikipedia.org/wiki?curid=3640,,,,,10
3641,الاتحاد السوفيتي,https://ar.wikipedia.org/wiki?curid=3641,,,,,16
3642,7 أغسطس,https://ar.wikipedia.org/wiki?curid=3642,,,,,2
3643,8 أغسطس,https://ar.wikipedia.org/wiki?curid=3643,,,,,2
3644,حزب البعث العربي الاشتراكي,https://ar.wikipedia.org/wiki?curid=3644,,,,,26
3645,تنجستن,https://ar.wikipedia.org/wiki?curid=3645,,,,,3
3649,البحر الميت,https://ar.wikipedia.org/wiki?curid=3649,,,,,28
3652,ميشيل عفلق,https://ar.wikipedia.org/wiki?curid=3652,,,,,3
3654,وليد جنبلاط,https://ar.wikipedia.org/wiki?curid=3654,,,,,22
1216,فنلندا,https://ar.wikipedia.org/wiki?curid=1216,,,,,5
1249,عمان (مدينة),https://ar.wikipedia.org/wiki?curid=1249,,,,,62
1250,ابن خلدون,https://ar.wikipedia.org/wiki?curid=1250,,,,,21
2628,خان يونس,https://ar.wikipedia.org/wiki?curid=2628,,,,,34
2629,مدينة,https://ar.wikipedia.org/wiki?curid=2629,,,,,37
2630,قرية,https://ar.wikipedia.org/wiki?curid=2630,,,,,18
2632,شيخ الإسلام,https://ar.wikipedia.org/wiki?curid=2632,,,,,11
2633,الشمس,https://ar.wikipedia.org/wiki?curid=2633,,,,,16
2634,مجرة,https://ar.wikipedia.org/wiki?curid=2634,,,,,10
2637,طوباس,https://ar.wikipedia.org/wiki?curid=2637,,,,,52
2638,المجر,https://ar.wikipedia.org/wiki?curid=2638,,,,,13
1367,موسكو,https://ar.wikipedia.org/wiki?curid=1367,,,,,6
1369,اليمن,https://ar.wikipedia.org/wiki?curid=1369,,,,,5
1371,مسجد,https://ar.wikipedia.org/wiki?curid=1371,,,,,22
1372,سمرقند,https://ar.wikipedia.org/wiki?curid=1372,,,,,1
1378,أسامة بن لادن,https://ar.wikipedia.org/wiki?curid=1378,,,,,27
1380,11 سبتمبر,https://ar.wikipedia.org/wiki?curid=1380,,,,,2
2231,الدولة المملوكية,https://ar.wikipedia.org/wiki?curid=2231,,,,,25
2234,15 يناير,https://ar.wikipedia.org/wiki?curid=2234,,,,,2
2235,16 يناير,https://ar.wikipedia.org/wiki?curid=2235,,,,,2
2236,17 يناير,https://ar.wikipedia.org/wiki?curid=2236,,,,,2
2237,18 يناير,https://ar.wikipedia.org/wiki?curid=2237,,,,,2
2238,19 يناير,https://ar.wikipedia.org/wiki?curid=2238,,,,,2
2239,20 يناير,https://ar.wikipedia.org/wiki?curid=2239,,,,,2
2240,21 يناير,https://ar.wikipedia.org/wiki?curid=2240,,,,,2
2245,كليفلاند (توضيح),https://ar.wikipedia.org/wiki?curid=2245,,,,,2
1415,العراق,https://ar.wikipedia.org/wiki?curid=1415,,,,,2
1416,تنظيم القاعدة,https://ar.wikipedia.org/wiki?curid=1416,,,,,52
1420,زايد بن سلطان آل نهيان,https://ar.wikipedia.org/wiki?curid=1420,,,,,26
1421,شوربة الدجاج,https://ar.wikipedia.org/wiki?curid=1421,,,,,9
1427,رشاد خليفة,https://ar.wikipedia.org/wiki?curid=1427,,,,,5
1430,زين الدين زيدان,https://ar.wikipedia.org/wiki?curid=1430,,,,,3
2506,الدولة العثمانية,https://ar.wikipedia.org/wiki?curid=2506,,,,,6
2508,قائمة أمراء الدولة الحفصية,https://ar.wikipedia.org/wiki?curid=2508,,,,,8
2509,السلطنة المرينية,https://ar.wikipedia.org/wiki?curid=2509,,,,,36
2510,30 يونيو,https://ar.wikipedia.org/wiki?curid=2510,,,,,2
2511,الدولة التيمورية,https://ar.wikipedia.org/wiki?curid=2511,,,,,50
2512,1 فبراير,https://ar.wikipedia.org/wiki?curid=2512,,,,,2
2513,2 فبراير,https://ar.wikipedia.org/wiki?curid=2513,,,,,2
2514,بنو نصر,https://ar.wikipedia.org/wiki?curid=2514,,,,,5
2515,3 فبراير,https://ar.wikipedia.org/wiki?curid=2515,,,,,2
2516,معهد بحوث إعلام الشرق الأوسط,https://ar.wikipedia.org/wiki?curid=2516,,,,,1
2517,4 فبراير,https://ar.wikipedia.org/wiki?curid=2517,,,,,2
2518,5 فبراير,https://ar.wikipedia.org/wiki?curid=2518,,,,,2
2519,اللغة اليابانية,https://ar.wikipedia.org/wiki?curid=2519,,,,,4
2520,شفتاني,https://ar.wikipedia.org/wiki?curid=2520,,,,,2
2521,أسناني شفوي,https://ar.wikipedia.org/wiki?curid=2521,,,,,1
2523,أسناني,https://ar.wikipedia.org/wiki?curid=2523,,,,,2
2524,لثوي,https://ar.wikipedia.org/wiki?curid=2524,,,,,2
2537,6 فبراير,https://ar.wikipedia.org/wiki?curid=2537,,,,,2
2538,عدنان ولينا,https://ar.wikipedia.org/wiki?curid=2538,,,,,2
2539,7 فبراير,https://ar.wikipedia.org/wiki?curid=2539,,,,,2
2540,8 فبراير,https://ar.wikipedia.org/wiki?curid=2540,,,,,2
2543,9 فبراير,https://ar.wikipedia.org/wiki?curid=2543,,,,,2
2544,10 فبراير,https://ar.wikipedia.org/wiki?curid=2544,,,,,2
2547,17 أكتوبر,https://ar.wikipedia.org/wiki?curid=2547,,,,,2
2553,29 نوفمبر,https://ar.wikipedia.org/wiki?curid=2553,,,,,2
2559,غاري لثوي,https://ar.wikipedia.org/wiki?curid=2559,,,,,1
2560,غاري,https://ar.wikipedia.org/wiki?curid=2560,,,,,1
2561,طبقي,https://ar.wikipedia.org/wiki?curid=2561,,,,,2
2562,حنجري,https://ar.wikipedia.org/wiki?curid=2562,,,,,1
2572,لهوي,https://ar.wikipedia.org/wiki?curid=2572,,,,,2
2574,صوت ارتدادي,https://ar.wikipedia.org/wiki?curid=2574,,,,,2
2576,شفوي لساني,https://ar.wikipedia.org/wiki?curid=2576,,,,,2
2582,حرف شفوي,https://ar.wikipedia.org/wiki?curid=2582,,,,,2
2587,20 نوفمبر,https://ar.wikipedia.org/wiki?curid=2587,,,,,2
